-0.00440000044,-0.03999999911,0
-0.00438000029,-0.03999999911,-0.03999999911
-0.0043600006,-0.03999999911,0
-0.00434000045,-0.03999999911,0
-0.0043200003,-0.03999999911,0
-0.00430000061,-0.03999999911,-0.03999999911
-0.00428000046,-0.03999999911,-0.03999999911
-0.00426000031,-0.03999999911,-0.03999999911
-0.00424000062,-0.03999999911,-0.03999999911
-0.00422000047,-0.03999999911,-0.03999999911
-0.00420000032,-0.03999999911,0
-0.00418000063,-0.03999999911,0
-0.00416000048,-0.03999999911,-0.03999999911
-0.00414000032,-0.03999999911,0
-0.00412000064,-0.03999999911,-0.03999999911
-0.00410000049,-0.03999999911,-0.03999999911
-0.00408000033,-0.03999999911,0
-0.00406000065,-0.03999999911,0
-0.00404000049,-0.03999999911,0
-0.00402000034,-0.03999999911,-0.03999999911
-0.00400000066,-0.03999999911,0
-0.0039800005,-0.03999999911,0
-0.00396000035,-0.03999999911,0
-0.00394000066,-0.03999999911,0
-0.00392000051,-0.03999999911,0
-0.00390000036,-0.03999999911,0
-0.00388000044,-0.03999999911,0
-0.00386000052,-0.03999999911,0
-0.00384000037,-0.079999998212,0
-0.00382000045,-0.03999999911,0
-0.00380000053,-0.03999999911,-0.03999999911
-0.00378000038,-0.03999999911,-0.03999999911
-0.00376000046,-0.03999999911,-0.03999999911
-0.00374000054,-0.03999999911,0
-0.00372000039,-0.03999999911,0
-0.00370000047,-0.03999999911,0
-0.00368000055,-0.03999999911,0
-0.0036600004,-0.03999999911,-0.03999999911
-0.00364000048,-0.03999999911,-0.03999999911
-0.00362000056,-0.03999999911,-0.03999999911
-0.0036000004,-0.03999999911,-0.03999999911
-0.00358000048,-0.03999999911,0
-0.00356000056,-0.03999999911,0
-0.00354000041,-0.03999999911,-0.03999999911
-0.00352000049,-0.03999999911,-0.03999999911
-0.00350000057,-0.03999999911,0
-0.00348000042,-0.03999999911,0
-0.0034600005,-0.03999999911,0
-0.00344000058,-0.079999998212,-0.03999999911
-0.00342000043,-0.03999999911,-0.03999999911
-0.00340000051,-0.03999999911,-0.03999999911
-0.00338000036,-0.03999999911,-0.03999999911
-0.00336000044,-0.03999999911,-0.03999999911
-0.00334000052,-0.03999999911,-0.03999999911
-0.00332000037,-0.03999999911,-0.03999999911
-0.00330000045,-0.03999999911,0
-0.00328000053,-0.03999999911,0
-0.00326000038,-0.03999999911,0
-0.00324000046,-0.03999999911,0
-0.00322000054,-0.03999999911,0
-0.00320000038,-0.03999999911,0
-0.00318000047,-0.079999998212,0
-0.00316000055,-0.03999999911,0
-0.00314000039,-0.03999999911,-0.03999999911
-0.00312000047,-0.03999999911,0
-0.00310000055,-0.03999999911,0
-0.0030800004,-0.03999999911,0
-0.00306000048,-0.03999999911,0
-0.00304000056,-0.03999999911,0
-0.00302000041,-0.03999999911,-0.03999999911
-0.00300000049,-0.03999999911,0
-0.00298000057,-0.03999999911,-0.03999999911
-0.00296000042,-0.03999999911,-0.03999999911
-0.0029400005,-0.03999999911,0
-0.00292000058,-0.03999999911,0
-0.00290000043,-0.03999999911,0
-0.00288000051,-0.03999999911,-0.03999999911
-0.00286000059,-0.03999999911,0
-0.00284000044,-0.03999999911,0
-0.00282000052,-0.03999999911,0
-0.00280000037,-0.03999999911,0
-0.00278000045,-0.03999999911,0
-0.00276000053,-0.03999999911,0
-0.00274000037,-0.03999999911,0
-0.00272000046,-0.03999999911,0
-0.0027000005,-0.03999999911,0
-0.0026800004,-0.03999999911,-0.03999999911
-0.0026600005,3.9599998,0
-0.0026400005,3.91999984,-0.03999999911
-0.0026200004,3.9599998,0
-0.0026000005,4,0
-0.0025800006,3.9599998,0
-0.0025600004,3.91999984,0
-0.0025400005,3.9599998,0
-0.0025200006,3.91999984,0.03999999911
-0.0025000004,3.91999984,0.03999999911
-0.0024800005,3.91999984,0.03999999911
-0.0024600006,3.91999984,0.079999998212
-0.0024400004,3.91999984,0.079999998212
-0.0024200005,3.91999984,0.079999998212
-0.0024000006,3.9599998,0.1199999973
-0.0023800004,3.91999984,0.1199999973
-0.0023600005,3.91999984,0.15999999642
-0.0023400006,3.9599998,0.15999999642
-0.0023200004,3.91999984,0.23999999464
-0.0023000005,3.91999984,0.23999999464
-0.0022800006,3.91999984,0.23999999464
-0.0022600004,3.9599998,0.28000000119
-0.0022400005,3.91999984,0.28000000119
-0.0022200006,3.91999984,0.31999999285
-0.0022000005,3.9599998,0.3599999845
-0.0021800005,3.91999984,0.39999997616
-0.0021600006,3.91999984,0.39999997616
-0.0021400005,3.9599998,0.439999997616
-0.0021200005,3.91999984,0.479999989271
-0.0021000004,3.91999984,0.519999980927
-0.0020800005,3.9599998,0.560000002384
-0.0020600006,3.91999984,0.560000002384
-0.0020400004,3.91999984,0.599999964237
-0.0020200005,3.91999984,0.599999964237
-0.0020000006,3.91999984,0.639999985695
-0.0019800004,3.91999984,0.680000007153
-0.0019600005,3.91999984,0.680000007153
-0.0019400005,3.91999984,0.719999969006
-0.0019200005,3.91999984,0.759999990463
-0.0019000005,3.91999984,0.799999952316
-0.0018800005,3.91999984,0.839999973774
-0.0018600005,3.91999984,0.839999973774
-0.0018400005,3.91999984,0.919999957085
-0.0018200005,3.91999984,0.919999957085
-0.0018000006,3.91999984,0.919999957085
-0.0017800005,3.9599998,0.959999978542
-0.0017600005,3.87999988,1
-0.0017400006,3.91999984,1.04
-0.0017200005,3.91999984,1.04
-0.0017000005,3.91999984,1.0799999
-0.0016800005,3.87999988,1.12
-0.0016600005,3.91999984,1.16
-0.0016400005,3.9599998,1.16
-0.0016200005,3.91999984,1.1999999
-0.0016000005,3.91999984,1.24
-0.0015800005,3.91999984,1.24
-0.0015600005,3.91999984,1.28
-0.0015400006,3.91999984,1.28
-0.0015200005,3.91999984,1.3199999
-0.0015000005,3.91999984,1.36
-0.0014800006,3.9599998,1.4
-0.0014600005,3.9599998,1.4
-0.0014400005,3.91999984,1.4
-0.0014200006,3.91999984,1.48
-0.0014000005,3.9599998,1.48
-0.0013800005,3.9599998,1.52
-0.0013600006,3.91999984,1.52
-0.0013400005,3.91999984,1.5599999
-0.0013200005,3.91999984,1.5999999
-0.0013000005,3.91999984,1.5999999
-0.0012800005,3.9599998,1.64
-0.0012600005,3.9599998,1.64
-0.0012400005,3.91999984,1.64
-0.0012200006,3.91999984,1.6799999
-0.0012000005,3.9599998,1.6799999
-0.0011800005,3.9599998,1.7199999
-0.0011600006,3.91999984,1.76
-0.0011400005,3.87999988,1.8
-0.0011200005,3.91999984,1.8
-0.0011000006,3.87999988,1.8399999
-0.0010800005,3.9599998,1.8399999
-0.0010600005,3.87999988,1.8399999
-0.0010400005,3.9599998,1.88
-0.0010200005,3.91999984,1.88
-0.0010000005,3.91999984,1.92
-0.000980000477284,3.91999984,1.9599999
-0.000960000557825,3.9599998,1.9599999
-0.00094000052195,3.91999984,1.9599999
-0.000920000544284,3.91999984,2
-0.000900000508409,3.9599998,2.04
-0.000880000530742,3.91999984,2.04
-0.000860000553075,3.91999984,2.04
-0.000840000517201,3.91999984,2.0799999
-0.000820000539534,3.9599998,2.04
-0.000800000503659,3.9599998,2.1199999
-0.000780000525992,3.91999984,2.1199999
-0.000760000548325,3.91999984,2.1599998
-0.000740000512451,3.9599998,2.1599998
-0.000720000534784,3.91999984,2.2
-0.000700000557117,3.9599998,2.2
-0.000680000521243,3.91999984,2.2
-0.000660000543576,3.91999984,2.28
-0.000640000565909,3.91999984,2.24
-0.000620000530034,3.91999984,2.28
-0.000600000552367,3.91999984,2.28
-0.000580000516493,3.9599998,2.3599999
-0.000560000538826,3.9599998,2.3599999
-0.000540000561159,3.91999984,2.3199999
-0.000520000525285,3.9599998,2.3599999
-0.000500000547618,3.9599998,2.3599999
-0.000480000540847,3.91999984,2.3999999
-0.000460000534076,3.91999984,2.3999999
-0.000440000556409,3.9599998,2.4400001
-0.000420000549639,3.9599998,2.4400001
-0.00040000054287,3.9599998,2.4400001
-0.0003800005361,3.91999984,2.48
-0.00036000052933,3.91999984,2.48
-0.00034000055166,3.91999984,2.48
-0.00032000054489,3.9599998,2.48
-0.00030000053812,3.9599998,2.52
-0.00028000056045,3.9599998,2.52
-0.00026000055368,3.9599998,2.5599999
-0.00024000054691,3.91999984,2.5999999
-0.00022000054014,3.9599998,2.5999999
-0.00020000054792,3.9599998,2.5999999
-0.0001800005557,3.9599998,2.5999999
-0.00016000054893,3.91999984,2.6399999
-0.0001400005422,3.91999984,2.6399999
-0.0001200005499,3.9599998,2.6799998
-0.0001000005504,3.9599998,2.6799998
-0.000080000550952,4,2.6799998
-0.000060000551457,3.9599998,2.6799998
-0.00004000055196,3.91999984,2.6799998
-0.0000200005525,3.91999984,2.6799998
-5.52972776413E-10,3.9599998,2.72000003
0.0000199994465,3.91999984,2.75999999
0.00003999944602,3.91999984,2.75999999
0.000059999445511,3.9599998,2.75999999
0.000079999445006,3.91999984,2.75999999
0.000099999444501,3.91999984,2.79999995
0.000119999444,3.91999984,2.79999995
0.0001399994362,3.9599998,2.79999995
0.00015999944299,3.9599998,2.79999995
0.00017999944976,3.9599998,2.83999991
0.00019999944197,3.91999984,2.83999991
0.00021999943419,3.9599998,2.83999991
0.00023999944096,3.9599998,2.87999988
0.00025999944774,3.9599998,2.87999988
0.00027999945451,3.9599998,2.91999984
0.00029999943217,3.9599998,2.91999984
0.00031999943894,3.9599998,2.91999984
0.00033999944571,3.9599998,2.91999984
0.00035999942338,3.9599998,2.91999984
0.00037999943015,3.9599998,2.91999984
0.00039999943692,3.9599998,2.91999984
0.000419999443693,3.91999984,2.96000004
0.000439999450464,3.9599998,2.96000004
0.000459999428131,3.9599998,3
0.000479999434901,3.9599998,3
0.000499999441672,3.9599998,3
0.000519999419339,3.9599998,3
0.000539999455214,3.91999984,3
0.00055999943288,3.9599998,3.03999996
0.000579999410547,3.9599998,3.03999996
0.000599999446422,3.91999984,3.03999996
0.000619999424089,3.9599998,3.03999996
0.000639999401756,3.9599998,3.03999996
0.00065999943763,3.91999984,3.03999996
0.000679999415297,3.9599998,3.07999992
0.000699999451172,3.91999984,3.11999989
0.000719999428838,3.9599998,3.11999989
0.000739999406505,3.9599998,3.11999989
0.00075999944238,3.9599998,3.07999992
0.000779999420047,3.91999984,3.11999989
0.000799999455921,3.9599998,3.11999989
0.000819999433588,3.9599998,3.11999989
0.000839999411255,3.9599998,3.15999985
0.00085999944713,3.9599998,3.15999985
0.000879999424797,3.9599998,3.15999985
0.000899999402463,3.9599998,3.19999981
0.000919999438338,3.9599998,3.19999981
0.000939999416005,3.9599998,3.19999981
0.000959999393672,3.9599998,3.19999981
0.000979999429546,3.9599998,3.19999981
0.000999999465421,3.9599998,3.19999981
0.0010199994,3.9599998,3.19999981
0.0010399994,3.9599998,3.19999981
0.0010599995,3.9599998,3.15999985
0.0010799994,3.91999984,3.24000001
0.0010999994,4,3.24000001
0.0011199994,3.9599998,3.24000001
0.0011399994,3.9599998,3.27999997
0.0011599994,3.9599998,3.27999997
0.0011799994,3.9599998,3.27999997
0.0011999994,3.9599998,3.27999997
0.0012199994,3.9599998,3.27999997
0.0012399994,3.9599998,3.31999993
0.0012599995,3.9599998,3.31999993
0.0012799994,4,3.31999993
0.0012999994,3.9599998,3.31999993
0.0013199995,3.9599998,3.31999993
0.0013399994,3.9599998,3.31999993
0.0013599994,3.9599998,3.31999993
0.0013799994,3.9599998,3.3599999
0.0013999994,3.9599998,3.31999993
0.0014199994,3.9599998,3.31999993
0.0014399994,3.9599998,3.31999993
0.0014599994,3.9599998,3.3599999
0.0014799994,3.9599998,3.3599999
0.0014999994,3.9599998,3.3599999
0.0015199995,3.9599998,3.3599999
0.0015399994,3.9599998,3.3599999
0.0015599994,3.9599998,3.3599999
0.0015799995,3.9599998,3.39999986
0.0015999994,3.9599998,3.39999986
0.0016199994,4,3.39999986
0.0016399994,3.9599998,3.39999986
0.0016599994,3.9599998,3.43999982
0.0016799994,3.9599998,3.43999982
0.0016999994,3.9599998,3.43999982
0.0017199994,3.9599998,3.43999982
0.0017399994,3.91999984,3.39999986
0.0017599994,3.9599998,3.43999982
0.0017799994,3.9599998,3.43999982
0.0017999994,3.9599998,3.43999982
0.0018199994,3.9599998,3.43999982
0.0018399993,3.9599998,3.48000002
0.0018599994,3.9599998,3.43999982
0.0018799994,3.9599998,3.48000002
0.0018999994,3.91999984,3.48000002
0.0019199994,3.91999984,3.48000002
0.0019399994,3.9599998,3.48000002
0.0019599993,3.9599998,3.48000002
0.0019799995,3.9599998,3.48000002
0.0019999994,3.9599998,3.51999998
0.0020199993,3.9599998,3.48000002
0.0020399995,3.9599998,3.51999998
0.0020599994,3.9599998,3.51999998
0.0020799993,3.9599998,3.51999998
0.0020999995,3.9599998,3.51999998
0.0021199994,3.9599998,3.51999998
0.0021399993,3.9599998,3.55999994
0.0021599995,3.9599998,3.55999994
0.0021799994,3.9599998,3.55999994
0.0021999993,4,3.55999994
0.0022199994,3.9599998,3.51999998
0.0022399994,3.9599998,3.55999994
0.0022599993,3.9599998,3.55999994
0.0022799994,3.9599998,3.55999994
0.0022999994,3.9599998,3.55999994
0.0023199995,3.9599998,3.55999994
0.0023399994,3.9599998,3.5999999
0.0023599993,3.9599998,3.55999994
0.0023799995,3.9599998,3.55999994
0.0023999994,4,3.5999999
0.0024199993,3.9599998,3.5999999
0.0024399995,3.9599998,3.5999999
0.0024599994,3.9599998,3.55999994
0.0024799993,3.9599998,3.5999999
0.0024999995,3.9599998,3.5999999
0.0025199994,3.91999984,3.55999994
0.0025399993,3.9599998,3.63999987
0.0025599995,3.9599998,3.5999999
0.0025799994,3.9599998,3.63999987
0.0025999993,3.9599998,3.63999987
0.0026199995,3.9599998,3.5999999
0.0026399994,3.9599998,3.63999987
0.0026599993,3.9599998,3.63999987
0.0026799995,3.9599998,3.63999987
0.0026999994,3.9599998,3.63999987
0.00271999929,3.91999984,3.63999987
0.00273999944,3.9599998,3.63999987
0.00275999936,3.9599998,3.63999987
0.00277999928,3.9599998,3.63999987
0.00279999943,3.9599998,3.63999987
0.00281999935,3.9599998,3.63999987
0.00283999927,4,3.67999983
0.00285999943,4,3.63999987
0.00287999935,3.9599998,3.63999987
0.00289999926,3.9599998,3.67999983
0.00291999942,3.91999984,3.63999987
0.00293999934,3.9599998,3.67999983
0.00295999926,3.9599998,3.67999983
0.00297999941,3.9599998,3.67999983
0.00299999933,3.9599998,3.67999983
0.00301999948,3.91999984,3.67999983
0.0030399994,3.9599998,3.67999983
0.00305999932,3.9599998,3.67999983
0.00307999947,3.9599998,3.67999983
0.00309999939,4,3.72000003
0.00311999931,4,3.67999983
0.00313999946,3.91999984,3.72000003
0.00315999938,3.91999984,3.67999983
0.0031799993,3.9599998,3.72000003
0.00319999945,3.9599998,3.72000003
0.00321999937,3.9599998,3.72000003
0.00323999929,3.9599998,3.72000003
0.00325999944,3.9599998,3.72000003
0.00327999936,3.91999984,3.72000003
0.00329999928,3.9599998,3.72000003
0.00331999944,3.9599998,3.67999983
0.00333999936,3.9599998,3.72000003
0.00335999927,3.9599998,3.72000003
0.00337999943,3.9599998,3.72000003
0.00339999935,3.9599998,3.72000003
0.00341999927,3.9599998,3.72000003
0.00343999942,3.9599998,3.72000003
0.00345999934,3.9599998,3.72000003
0.00347999926,3.9599998,3.72000003
0.00349999941,3.9599998,3.75999999
0.00351999933,3.9599998,3.75999999
0.00353999925,3.9599998,3.72000003
0.0035599994,3.91999984,3.75999999
0.00357999932,4,3.75999999
0.00359999947,3.9599998,3.75999999
0.00361999939,3.9599998,3.75999999
0.00363999931,3.9599998,3.75999999
0.00365999946,3.91999984,3.75999999
0.00367999938,3.9599998,3.75999999
0.0036999993,3.9599998,3.75999999
0.00371999945,3.9599998,3.75999999
0.00373999937,3.9599998,3.75999999
0.00375999929,3.9599998,3.79999995
0.00377999945,3.9599998,3.75999999
0.00379999937,3.9599998,3.75999999
0.00381999929,3.9599998,3.75999999
0.00383999944,4,3.75999999
0.00385999936,3.9599998,3.75999999
0.00387999928,3.9599998,3.75999999
0.00389999943,3.9599998,3.75999999
0.00391999912,3.9599998,3.75999999
0.00393999927,3.9599998,3.75999999
0.00395999942,3.9599998,3.79999995
0.00397999957,3.9599998,3.75999999
0.00399999926,3.9599998,3.75999999
0.00401999941,3.9599998,3.75999999
0.00403999956,3.9599998,3.75999999
0.00405999925,3.9599998,3.79999995
0.0040799994,3.9599998,3.79999995
0.00409999955,3.9599998,3.79999995
0.00411999924,3.9599998,3.79999995
0.00413999939,3.9599998,3.79999995
0.00415999955,3.9599998,3.75999999
0.00417999923,3.9599998,3.79999995
0.00419999938,3.9599998,3.79999995
0.00421999954,3.9599998,3.75999999
0.00423999922,3.9599998,3.79999995
0.00425999938,3.9599998,3.79999995
0.00427999953,3.9599998,3.83999991
0.00429999921,3.9599998,3.79999995
0.00431999937,3.9599998,3.79999995
0.00433999952,3.9599998,3.79999995
0.00435999921,4,3.79999995
0.00437999936,3.9599998,3.79999995
0.00439999951,3.9599998,3.79999995
0.0044199992,3.9599998,3.79999995
0.00443999935,3.9599998,3.79999995
0.0044599995,3.9599998,3.79999995
0.00447999919,3.9599998,3.79999995
0.00449999934,3.9599998,3.79999995
0.00451999949,3.9599998,3.83999991
0.00453999918,4,3.79999995
0.00455999933,3.9599998,3.83999991
0.00457999948,3.9599998,3.83999991
0.00459999917,3.9599998,3.83999991
0.00461999932,3.9599998,3.83999991
0.00463999948,3.9599998,3.83999991
0.00465999916,3.9599998,3.83999991
0.00467999931,4,3.79999995
0.00469999947,3.9599998,3.83999991
0.00471999915,3.9599998,3.83999991
0.00473999931,4,3.83999991
0.00475999946,3.9599998,3.83999991
0.00477999914,4,3.83999991
0.0047999993,3.9599998,3.87999988
0.00481999945,3.9599998,3.83999991
0.00483999914,3.9599998,3.79999995
0.00485999929,3.9599998,3.83999991
0.00487999944,3.9599998,3.83999991
0.00489999913,3.9599998,3.83999991
0.00491999928,3.9599998,3.83999991
0.00493999943,3.9599998,3.83999991
0.00495999912,4,3.87999988
0.00497999927,3.9599998,3.87999988
0.00499999942,3.9599998,3.87999988
0.00501999911,3.9599998,3.87999988
0.00503999926,3.9599998,3.83999991
0.00505999941,3.9599998,3.83999991
0.0050799991,4,3.83999991
0.00509999925,4,3.83999991
0.0051199994,3.9599998,3.83999991
0.00513999909,3.9599998,3.87999988
0.00515999924,3.9599998,3.87999988
0.0051799994,3.9599998,3.87999988
0.00519999955,3.9599998,3.87999988
0.00521999924,3.9599998,3.87999988
0.00523999939,3.9599998,3.83999991
0.00525999954,3.9599998,3.87999988
0.00527999923,3.9599998,3.83999991
0.00529999938,3.9599998,3.83999991
0.00531999953,3.91999984,3.87999988
0.00533999922,4,3.83999991
0.00535999937,4,3.87999988
0.00537999952,3.9599998,3.87999988
0.00539999921,3.9599998,3.87999988
0.00541999936,3.9599998,3.87999988
0.00543999951,3.9599998,3.87999988
0.0054599992,3.9599998,3.87999988
0.00547999935,3.9599998,3.87999988
0.0054999995,3.9599998,3.83999991
0.00551999919,3.9599998,3.87999988
0.00553999934,3.9599998,3.87999988
0.0055599995,3.9599998,3.87999988
0.00557999918,3.9599998,3.87999988
0.00559999933,3.9599998,3.87999988
0.00561999949,3.9599998,3.87999988
0.00563999917,3.9599998,3.87999988
0.00565999933,3.9599998,3.87999988
0.00567999948,3.9599998,3.87999988
0.00569999916,3.9599998,3.87999988
0.00571999932,3.9599998,3.87999988
0.00573999947,3.9599998,3.87999988
0.00575999916,3.9599998,3.87999988
0.00577999931,3.9599998,3.87999988
0.00579999946,3.9599998,3.87999988
0.00581999915,3.9599998,3.87999988
0.0058399993,3.9599998,3.87999988
0.00585999945,3.9599998,3.91999984
0.00587999914,3.9599998,3.87999988
0.00589999929,3.9599998,3.87999988
0.00591999944,3.9599998,3.87999988
0.00593999913,3.9599998,3.87999988
0.00595999928,4,3.87999988
0.00597999943,3.9599998,3.87999988
0.00599999912,3.9599998,3.87999988
0.00601999927,3.9599998,3.87999988
0.00603999943,3.9599998,3.87999988
0.00605999911,3.9599998,3.87999988
0.00607999926,3.9599998,3.87999988
0.00609999942,3.9599998,3.87999988
0.0061199991,3.9599998,3.87999988
0.00613999926,3.9599998,3.87999988
0.00615999941,3.91999984,3.91999984
0.00617999909,3.91999984,3.87999988
0.00619999925,4,3.91999984
0.0062199994,4,3.91999984
0.00623999909,4,3.87999988
0.00625999924,3.9599998,3.87999988
0.00627999939,3.9599998,3.87999988
0.00629999908,3.9599998,3.87999988
0.00631999923,3.9599998,3.87999988
0.00633999938,3.9599998,3.91999984
0.00635999907,3.9599998,3.87999988
0.00637999922,3.9599998,3.91999984
0.00639999937,3.9599998,3.87999988
0.00641999906,4,3.87999988
0.00643999921,3.9599998,3.91999984
0.00645999936,3.9599998,3.91999984
0.00647999905,3.9599998,3.91999984
0.0064999992,3.9599998,3.87999988
0.00651999936,3.9599998,3.87999988
0.00653999951,3.91999984,3.91999984
0.00655999919,3.9599998,3.91999984
0.00657999935,3.9599998,3.87999988
0.0065999995,3.9599998,3.91999984
0.00661999919,3.9599998,3.91999984
0.00663999934,3.9599998,3.91999984
0.00665999949,3.9599998,3.91999984
0.00667999918,4,3.87999988
0.00669999933,3.9599998,3.91999984
0.00671999948,3.9599998,3.91999984
0.00673999917,3.9599998,3.91999984
0.00675999932,3.91999984,3.87999988
0.00677999947,3.9599998,3.91999984
0.00679999916,3.9599998,3.91999984
0.00681999931,3.9599998,3.91999984
0.00683999946,3.9599998,3.91999984
0.00685999915,4,3.91999984
0.0068799993,3.9599998,3.87999988
0.00689999945,3.9599998,3.91999984
0.00691999914,3.9599998,3.91999984
0.00693999929,3.9599998,3.91999984
0.00695999945,3.9599998,3.91999984
0.00697999913,4,3.87999988
0.00699999928,3.9599998,3.87999988
0.00701999944,3.91999984,3.87999988
0.00703999912,3.9599998,3.91999984
0.00705999928,3.9599998,3.91999984
0.00707999943,4,3.91999984
0.00709999911,3.9599998,3.83999991
0.00711999927,4,3.87999988
0.00713999942,3.9599998,3.91999984
0.00715999911,3.9599998,3.91999984
0.00717999926,3.9599998,3.91999984
0.00719999941,3.9599998,3.91999984
0.0072199991,3.9599998,3.9599998
0.00723999925,3.9599998,3.91999984
0.0072599994,3.9599998,3.91999984
0.00727999909,4,3.91999984
0.00729999924,3.9599998,3.91999984
0.00731999939,3.9599998,3.91999984
0.00733999908,3.91999984,3.91999984
0.00735999923,3.9599998,3.91999984
0.00737999938,4,3.87999988
0.007399999071,3.9599998,3.91999984
0.007419999223,3.9599998,3.91999984
0.007439999375,3.91999984,3.91999984
0.007459999062,3.9599998,3.91999984
0.007479999214,4,3.91999984
0.007499999367,3.9599998,3.91999984
0.007519999053,4,3.91999984
0.007539999206,3.9599998,3.91999984
0.007559999358,3.9599998,3.91999984
0.007579999045,3.9599998,3.91999984
0.007599999197,3.9599998,3.91999984
0.007619999349,4,3.91999984
0.007639999036,3.9599998,3.91999984
0.007659999188,3.9599998,3.87999988
0.00767999934,3.9599998,3.91999984
0.007699999027,3.9599998,3.9599998
0.007719999179,3.9599998,3.91999984
0.007739999332,3.9599998,3.91999984
0.007759999484,3.9599998,4.03999996
0.00777999917,4,3.91999984
0.007799999323,3.9599998,3.91999984
0.007819999009,3.9599998,3.91999984
0.007839999162,3.9599998,3.91999984
0.007859999314,3.9599998,3.91999984
0.007879999466,4,3.91999984
0.007899999619,3.9599998,3.91999984
0.007919998839,3.9599998,3.9599998
0.007939998992,4,3.91999984
0.007959999144,3.9599998,3.9599998
0.007979999296,3.91999984,3.91999984
0.007999999449,3.9599998,3.91999984
0.008019999601,3.9599998,3.91999984
0.008039998822,3.9599998,3.91999984
0.008059998974,3.9599998,3.9599998
0.008079999126,3.9599998,3.91999984
0.008099999279,4,3.91999984
0.008119999431,4,3.91999984
0.008139999583,3.9599998,3.91999984
0.008159998804,4,3.9599998
0.008179998957,3.9599998,3.91999984
0.008199999109,4,3.91999984
0.008219999261,3.9599998,3.9599998
0.008239999413,3.9599998,3.91999984
0.008259999566,3.9599998,3.91999984
0.008279998787,3.9599998,3.91999984
0.008299998939,4,3.9599998
0.008319999091,4,3.9599998
0.008339999244,3.9599998,3.9599998
0.008359999396,4,3.91999984
0.008379999548,3.9599998,3.9599998
0.008399998769,3.9599998,3.9599998
0.008419998921,3.9599998,3.9599998
0.008439999074,3.9599998,3.9599998
0.008459999226,3.9599998,3.91999984
0.008479999378,3.9599998,3.9599998
0.008499999531,4,3.9599998
0.008519999683,3.9599998,4.03999996
0.008539998904,3.9599998,3.91999984
0.008559999056,4,3.91999984
0.008579999208,3.9599998,3.9599998
0.008599999361,3.91999984,3.91999984
0.008619999513,3.9599998,3.9599998
0.008639999665,4,3.91999984
0.008659998886,3.9599998,3.91999984
0.008679999039,3.91999984,3.91999984
0.008699999191,3.9599998,3.91999984
0.008719999343,4,3.91999984
0.008739999495,3.9599998,3.9599998
0.008759999648,3.91999984,3.91999984
0.008779998869,3.9599998,3.9599998
0.008799999021,4,3.9599998
0.008819999173,3.9599998,3.9599998
0.008839999326,3.9599998,3.91999984
0.008859999478,3.9599998,3.9599998
0.00887999963,3.9599998,3.9599998
0.008899998851,3.9599998,3.91999984
0.008919999003,3.9599998,3.9599998
0.008939999156,3.9599998,3.91999984
0.008959999308,3.9599998,3.91999984
0.00897999946,3.9599998,3.91999984
0.008999999613,3.9599998,3.9599998
0.009019998834,4,3.9599998
0.009039998986,3.9599998,3.91999984
0.009059999138,3.9599998,3.91999984
0.00907999929,3.9599998,3.91999984
0.009099999443,3.9599998,3.91999984
0.009119999595,3.9599998,3.9599998
0.009139998816,3.9599998,3.91999984
0.009159998968,3.9599998,3.9599998
0.009179999121,3.9599998,3.91999984
0.009199999273,3.9599998,3.9599998
0.009219999425,4,3.9599998
0.009239999577,3.9599998,3.91999984
0.009259998798,3.9599998,3.87999988
0.009279998951,3.9599998,4
0.009299999103,3.9599998,3.91999984
0.009319999255,3.9599998,3.91999984
0.009339999408,3.9599998,3.91999984
0.00935999956,3.9599998,3.9599998
0.009379998781,3.9599998,3.91999984
0.009399998933,3.9599998,3.91999984
0.009419999085,4,3.91999984
0.009439999238,4,3.9599998
0.00945999939,3.9599998,3.9599998
0.009479999542,4,3.9599998
0.009499998763,3.9599998,3.9599998
0.009519998915,3.9599998,3.9599998
0.009539999068,3.9599998,3.9599998
0.00955999922,4,3.91999984
0.009579999372,4,3.9599998
0.009599999525,4,3.91999984
0.009619998746,3.9599998,3.9599998
0.009639998898,4,3.9599998
0.00965999905,3.9599998,3.9599998
0.009679999202,3.9599998,3.91999984
0.009699999355,3.9599998,3.9599998
0.009719999507,3.9599998,3.9599998
0.009739999659,3.9599998,3.9599998
0.00975999888,3.9599998,3.9599998
0.009779999033,3.9599998,3.9599998
0.009799999185,3.9599998,3.91999984
0.009819999337,3.9599998,3.9599998
0.009839999489,4,3.9599998
0.009859999642,4,3.9599998
0.009879998863,3.9599998,3.9599998
0.009899999015,4,3.9599998
0.009919999167,3.91999984,3.9599998
0.00993999932,4,3.9599998
0.009959999472,3.9599998,3.9599998
0.009979999624,3.9599998,3.9599998
0.009999998845,3.9599998,3.9599998
0.010019999,4,3.91999984
0.0100399991,4,3.9599998
0.0100599993,3.9599998,3.91999984
0.0100799995,3.9599998,3.91999984
0.0100999996,3.9599998,3.9599998
0.0101199988,3.9599998,3.9599998
0.010139999,3.9599998,3.9599998
0.0101599991,3.9599998,3.9599998
0.0101799993,3.9599998,3.9599998
0.0101999994,4,3.91999984
0.0102199996,3.9599998,3.9599998
0.0102399988,3.9599998,3.9599998
0.010259999,4,3.91999984
0.0102799991,3.9599998,3.9599998
0.0102999993,3.9599998,3.9599998
0.0103199994,3.9599998,3.9599998
0.0103399996,3.9599998,3.9599998
0.0103599988,3.9599998,3.9599998
0.0103799989,3.9599998,3.91999984
0.0103999991,3.9599998,3.9599998
0.0104199992,3.9599998,3.91999984
0.0104399994,3.9599998,3.9599998
0.0104599996,3.9599998,3.9599998
0.0104799988,3.9599998,3.91999984
0.0104999989,3.9599998,3.9599998
0.0105199991,3.9599998,3.9599998
0.0105399992,3.91999984,3.9599998
0.0105599994,4,3.9599998
0.0105799995,3.9599998,3.91999984
0.0105999988,4,3.9599998
0.0106199989,4,3.91999984
0.0106399991,3.9599998,3.9599998
0.0106599992,3.9599998,3.9599998
0.0106799994,3.9599998,3.9599998
0.0106999995,4,3.91999984
0.0107199987,4,3.91999984
0.0107399989,3.9599998,3.9599998
0.010759999,3.9599998,3.91999984
0.0107799992,3.9599998,3.9599998
0.0107999993,3.9599998,3.9599998
0.0108199995,3.9599998,3.91999984
0.0108399987,3.9599998,3.9599998
0.0108599989,3.9599998,3.91999984
0.010879999,3.9599998,3.9599998
0.0108999992,3.9599998,3.91999984
0.0109199993,3.9599998,3.9599998
0.0109399995,3.9599998,3.9599998
0.0109599996,3.9599998,3.91999984
0.0109799989,3.9599998,3.91999984
0.010999999,3.9599998,3.9599998
0.0110199992,3.9599998,3.9599998
0.0110399993,3.9599998,3.9599998
0.0110599995,3.9599998,3.91999984
0.0110799996,3.9599998,3.9599998
0.0110999988,3.9599998,3.9599998
0.011119999,4,3.91999984
0.0111399991,3.91999984,3.91999984
0.0111599993,3.9599998,3.9599998
0.0111799994,3.9599998,3.91999984
0.0111999996,3.91999984,3.9599998
0.0112199988,3.9599998,3.9599998
0.011239999,3.9599998,3.9599998
0.0112599991,3.9599998,3.9599998
0.0112799993,3.9599998,3.9599998
0.0112999994,3.9599998,3.9599998
0.0113199996,3.9599998,3.9599998
0.0113399988,3.9599998,3.91999984
0.011359999,3.9599998,3.91999984
0.0113799991,4,3.9599998
0.0113999993,3.9599998,3.91999984
0.0114199994,3.9599998,3.9599998
0.0114399996,3.91999984,3.9599998
0.0114599988,3.9599998,3.9599998
0.0114799989,3.9599998,3.91999984
0.0114999991,3.9599998,3.91999984
0.0115199992,3.9599998,3.91999984
0.0115399994,3.91999984,3.9599998
0.0115599995,3.9599998,3.9599998
0.0115799988,3.9599998,3.9599998
0.0115999989,3.9599998,3.91999984
0.0116199991,3.9599998,3.9599998
0.0116399992,3.9599998,3.9599998
0.0116599994,3.91999984,3.9599998
0.0116799995,4,3.9599998
0.0116999988,3.9599998,3.9599998
0.0117199989,4,3.9599998
0.0117399991,3.9599998,3.9599998
0.0117599992,3.9599998,3.9599998
0.0117799994,3.9599998,3.9599998
0.0117999995,3.9599998,3.9599998
0.0118199987,3.9599998,3.9599998
0.0118399989,4,3.9599998
0.011859999,3.9599998,3.9599998
0.0118799992,3.9599998,3.9599998
0.0118999993,3.91999984,3.9599998
0.0119199995,3.91999984,3.91999984
0.0119399987,3.9599998,3.9599998
0.0119599989,3.91999984,3.9599998
0.011979999,3.9599998,3.9599998
0.0119999992,3.9599998,3.91999984
0.0120199993,3.9599998,3.9599998
0.0120399995,3.9599998,3.9599998
0.0120599987,3.9599998,3.9599998
0.0120799989,4,3.9599998
0.012099999,3.91999984,3.9599998
0.0121199992,3.9599998,3.9599998
0.0121399993,3.9599998,3.9599998
0.0121599995,3.9599998,3.9599998
0.0121799987,3.9599998,3.91999984
0.0121999988,3.9599998,3.9599998
0.012219999,3.9599998,3.9599998
0.0122399991,3.9599998,3.9599998
0.0122599993,4,3.9599998
0.0122799994,3.9599998,3.9599998
0.0122999996,3.9599998,3.9599998
0.0123199988,3.9599998,3.9599998
0.012339999,3.91999984,3.9599998
0.0123599991,3.9599998,3.9599998
0.0123799993,4,3.9599998
0.0123999994,3.9599998,3.9599998
0.0124199996,3.91999984,3.9599998
0.0124399988,3.9599998,3.9599998
0.012459999,3.9599998,3.9599998
0.0124799991,3.9599998,3.91999984
0.0124999993,3.91999984,3.9599998
0.0125199994,3.9599998,3.9599998
0.0125399996,3.9599998,3.91999984
0.0125599988,3.9599998,3.9599998
0.0125799989,3.9599998,3.9599998
0.0125999991,3.9599998,3.91999984
0.0126199992,3.9599998,3.91999984
0.0126399994,3.9599998,3.9599998
0.0126599995,3.9599998,3.91999984
0.0126799988,3.9599998,3.9599998
0.0126999989,3.9599998,3.9599998
0.0127199991,3.9599998,3.91999984
0.0127399992,4,3.9599998
0.0127599994,3.9599998,3.9599998
0.0127799995,3.9599998,3.91999984
0.0127999987,3.9599998,3.9599998
0.0128199989,3.9599998,3.9599998
0.012839999,3.9599998,3.9599998
0.0128599992,3.9599998,3.9599998
0.0128799994,3.9599998,3.9599998
0.0128999995,3.9599998,3.9599998
0.0129199987,3.9599998,3.9599998
0.0129399989,3.9599998,3.9599998
0.012959999,3.9599998,3.9599998
0.0129799992,3.9599998,3.9599998
0.0129999993,3.9599998,3.91999984
0.0130199995,4,3.9599998
0.0130399987,3.9599998,3.9599998
0.0130599989,3.9599998,3.9599998
0.013079999,3.9599998,3.9599998
0.0130999992,3.9599998,3.9599998
0.0131199993,4,3.91999984
0.0131399995,3.9599998,3.9599998
0.0131599987,4,3.9599998
0.0131799988,3.9599998,3.9599998
0.013199999,3.91999984,3.9599998
0.0132199991,3.9599998,3.9599998
0.0132399993,3.9599998,3.9599998
0.0132599995,3.91999984,3.9599998
0.0132799987,3.9599998,3.9599998
0.0132999988,3.9599998,3.9599998
0.013319999,3.9599998,3.9599998
0.0133399991,3.9599998,3.91999984
0.0133599993,3.9599998,3.9599998
0.0133799994,3.9599998,3.9599998
0.0133999987,3.9599998,3.91999984
0.0134199988,3.91999984,3.91999984
0.013439999,3.9599998,3.9599998
0.0134599991,3.9599998,3.9599998
0.0134799993,3.9599998,3.9599998
0.0134999994,3.9599998,3.9599998
0.0135199986,3.9599998,3.9599998
0.0135399988,3.9599998,3.9599998
0.0135599989,3.9599998,3.91999984
0.0135799991,4,3.9599998
0.0135999992,3.9599998,3.9599998
0.0136199994,4,3.91999984
0.0136399996,3.9599998,3.9599998
0.0136599988,3.9599998,3.9599998
0.0136799989,4,3.9599998
0.0136999991,3.9599998,3.9599998
0.0137199992,3.9599998,3.9599998
0.0137399994,3.9599998,3.9599998
0.0137599995,3.9599998,3.9599998
0.0137799988,3.91999984,3.9599998
0.0137999989,3.9599998,3.9599998
0.0138199991,4,3.9599998
0.0138399992,3.91999984,3.9599998
0.0138599994,3.9599998,3.9599998
0.0138799995,3.9599998,3.9599998
0.0138999987,3.9599998,3.9599998
0.0139199989,3.9599998,3.9599998
0.013939999,4,3.9599998
0.0139599992,3.9599998,3.9599998
0.0139799993,3.9599998,3.91999984
0.0139999995,3.9599998,3.91999984
0.0140199987,4,3.9599998
0.0140399989,4,3.9599998
0.014059999,3.9599998,3.9599998
0.0140799992,3.9599998,3.9599998
0.0140999993,3.9599998,3.9599998
0.0141199995,3.9599998,3.9599998
0.0141399987,3.9599998,3.9599998
0.0141599989,3.9599998,3.9599998
0.014179999,3.9599998,3.9599998
0.0141999992,3.9599998,3.9599998
0.0142199993,3.9599998,3.9599998
0.0142399995,4,3.9599998
0.0142599987,3.9599998,3.9599998
0.0142799988,3.9599998,3.91999984
0.014299999,3.9599998,3.91999984
0.0143199991,3.91999984,3.9599998
0.0143399993,3.9599998,3.9599998
0.0143599994,3.9599998,3.9599998
0.0143799987,3.9599998,3.9599998
0.0143999988,3.9599998,3.91999984
0.014419999,3.9599998,3.9599998
0.0144399991,3.9599998,3.9599998
0.0144599993,3.9599998,3.9599998
0.0144799994,3.9599998,3.9599998
0.0144999987,3.9599998,3.9599998
0.0145199988,3.9599998,3.9599998
0.014539999,3.9599998,3.9599998
0.0145599991,3.9599998,3.9599998
0.0145799993,3.9599998,3.9599998
0.0145999994,3.9599998,3.9599998
0.0146199986,3.9599998,3.91999984
0.0146399988,3.9599998,3.9599998
0.0146599989,3.9599998,3.9599998
0.0146799991,3.9599998,3.9599998
0.0146999992,3.9599998,3.9599998
0.0147199994,3.9599998,3.9599998
0.0147399986,3.9599998,3.9599998
0.0147599988,3.9599998,3.9599998
0.0147799989,3.9599998,3.9599998
0.0147999991,3.9599998,3.9599998
0.0148199992,3.9599998,3.9599998
0.0148399994,3.9599998,3.9599998
0.0148599995,3.9599998,3.9599998
0.0148799988,4,3.9599998
0.0148999989,3.9599998,3.9599998
0.0149199991,4,3.9599998
0.0149399992,3.9599998,3.9599998
0.0149599994,3.9599998,3.9599998
0.0149799995,3.9599998,3.9599998
0.0149999987,3.9599998,3.9599998
0.0150199989,4,3.9599998
0.015039999,3.9599998,3.9599998
0.0150599992,3.9599998,3.9599998
0.0150799993,3.9599998,3.9599998
0.0150999995,3.9599998,3.91999984
0.0151199987,3.9599998,3.9599998
0.0151399989,3.9599998,3.91999984
0.015159999,3.9599998,3.9599998
0.0151799992,3.9599998,3.9599998
0.0151999993,3.9599998,3.9599998
0.0152199995,3.9599998,3.91999984
0.0152399987,4,3.9599998
0.0152599989,3.9599998,3.9599998
0.015279999,3.9599998,3.9599998
0.0152999992,3.9599998,3.9599998
0.0153199993,3.9599998,3.9599998
0.0153399995,3.9599998,3.9599998
0.0153599987,3.9599998,3.9599998
0.0153799988,3.91999984,3.9599998
0.015399999,3.9599998,3.9599998
0.0154199991,3.9599998,3.9599998
0.0154399993,4,3.9599998
0.0154599994,3.9599998,3.9599998
0.0154799987,3.9599998,3.9599998
0.0154999988,3.9599998,3.9599998
0.015519999,3.9599998,3.91999984
0.0155399991,3.9599998,3.9599998
0.0155599993,3.9599998,3.9599998
0.0155799994,3.9599998,3.9599998
0.0155999986,3.9599998,3.9599998
0.0156199988,3.9599998,3.9599998
0.0156399999,3.9599998,3.9599998
0.0156599991,3.9599998,3.9599998
0.0156799983,3.9599998,3.91999984
0.0156999994,3.9599998,3.9599998
0.0157199986,3.91999984,3.9599998
0.0157399997,3.9599998,3.9599998
0.0157599989,3.9599998,3.9599998
0.0157799982,4,3.9599998
0.0157999992,3.9599998,4
0.0158199985,3.9599998,3.9599998
0.0158399995,4,3.91999984
0.0158599988,3.9599998,3.91999984
0.0158799998,3.9599998,3.9599998
0.0158999991,3.9599998,3.9599998
0.0159199983,3.9599998,3.9599998
0.0159399994,3.9599998,3.91999984
0.0159599986,4,3.91999984
0.0159799997,3.91999984,3.9599998
0.0159999989,3.9599998,3.9599998
0.0160199981,3.9599998,3.9599998
0.0160399992,4,3.9599998
0.0160599984,4,3.9599998
0.0160799995,3.9599998,3.91999984
0.0160999987,3.9599998,3.9599998
0.0161199998,3.9599998,3.9599998
0.016139999,3.9599998,3.9599998
0.0161599983,3.9599998,3.9599998
0.0161799993,3.9599998,3.9599998
0.0161999986,3.9599998,3.9599998
0.0162199996,3.9599998,3.91999984
0.0162399989,3.9599998,3.9599998
0.0162599999,3.9599998,3.9599998
0.0162799992,3.9599998,3.9599998
0.0162999984,3.91999984,3.9599998
0.0163199995,3.9599998,3.9599998
0.0163399987,4,3.9599998
0.0163599998,3.9599998,3.9599998
0.016379999,3.9599998,3.9599998
0.0163999982,3.9599998,3.9599998
0.0164199993,3.9599998,3.91999984
0.0164399985,4,3.9599998
0.0164599996,4,3.9599998
0.0164799988,3.9599998,3.9599998
0.0164999999,3.9599998,3.9599998
0.0165199991,3.9599998,3.9599998
0.0165399984,3.9599998,3.9599998
0.0165599994,3.9599998,3.91999984
0.0165799987,3.9599998,3.9599998
0.0165999997,3.9599998,3.9599998
0.016619999,4,3.9599998
0.0166399982,3.9599998,3.9599998
0.0166599993,4,3.9599998
0.0166799985,3.9599998,3.9599998
0.0166999996,3.9599998,3.9599998
0.0167199988,3.9599998,3.9599998
0.0167399999,3.9599998,3.9599998
0.0167599991,3.91999984,3.9599998
0.0167799983,3.9599998,3.9599998
0.0167999994,3.9599998,3.91999984
0.0168199986,4,3.9599998
0.0168399997,3.9599998,3.9599998
0.0168599989,3.9599998,3.9599998
0.0168799981,4,3.9599998
0.0168999992,3.9599998,3.9599998
0.0169199985,3.9599998,3.9599998
0.0169399995,3.9599998,3.9599998
0.0169599988,3.9599998,3.9599998
0.0169799998,3.9599998,4
0.0169999991,4,3.91999984
0.0170199983,3.9599998,3.9599998
0.0170399994,3.9599998,3.9599998
0.0170599986,3.9599998,3.9599998
0.0170799997,3.9599998,3.9599998
0.0170999989,3.9599998,3.9599998
0.0171199981,3.9599998,3.9599998
0.0171399992,3.9599998,3.9599998
0.0171599984,3.9599998,3.9599998
0.0171799995,3.9599998,3.9599998
0.0171999987,3.9599998,3.9599998
0.0172199998,3.9599998,3.9599998
0.017239999,3.91999984,3.9599998
0.0172599982,3.9599998,3.9599998
0.0172799993,3.9599998,3.9599998
0.0172999986,3.91999984,3.91999984
0.0173199996,3.9599998,3.9599998
0.0173399989,4,3.9599998
0.0173599981,3.9599998,3.9599998
0.0173799992,3.9599998,3.9599998
0.0173999984,3.9599998,4
0.0174199995,3.9599998,3.9599998
0.0174399987,3.9599998,3.9599998
0.0174599998,3.91999984,3.9599998
0.017479999,3.9599998,4
0.0174999982,3.9599998,3.9599998
0.0175199993,3.9599998,3.9599998
0.0175399985,3.9599998,3.91999984
0.0175599996,3.9599998,3.91999984
0.0175799988,3.9599998,3.9599998
0.0175999999,3.9599998,3.91999984
0.0176199991,3.91999984,3.91999984
0.0176399983,3.9599998,3.9599998
0.0176599994,3.9599998,3.9599998
0.0176799987,3.9599998,3.9599998
0.0176999997,3.9599998,3.9599998
0.017719999,3.9599998,3.9599998
0.0177399982,3.9599998,3.9599998
0.0177599993,3.9599998,3.9599998
0.0177799985,3.91999984,3.9599998
0.0177999996,3.9599998,3.9599998
0.0178199988,3.9599998,3.9599998
0.0178399999,3.9599998,3.9599998
0.0178599991,3.9599998,3.9599998
0.0178799983,4,3.9599998
0.0178999994,3.9599998,3.9599998
0.0179199986,3.9599998,3.9599998
0.0179399997,3.9599998,3.9599998
0.0179599989,3.9599998,3.9599998
0.0179799981,3.9599998,3.9599998
0.0179999992,4,3.91999984
0.0180199984,4,3.9599998
0.0180399995,4,3.91999984
0.0180599988,3.9599998,3.9599998
0.0180799998,3.9599998,3.9599998
0.0180999991,3.9599998,4
0.0181199983,3.9599998,3.9599998
0.0181399994,3.9599998,3.9599998
0.0181599986,3.9599998,3.91999984
0.0181799997,3.9599998,3.9599998
0.0181999989,3.9599998,4
0.0182199981,3.9599998,3.91999984
0.0182399992,3.9599998,3.9599998
0.0182599984,3.9599998,3.87999988
0.0182799995,3.9599998,3.9599998
0.0182999987,3.9599998,3.9599998
0.0183199998,3.9599998,3.9599998
0.018339999,3.9599998,3.9599998
0.0183599982,3.9599998,3.9599998
0.0183799993,3.9599998,3.9599998
0.0183999985,3.91999984,3.9599998
0.0184199996,3.9599998,3.9599998
0.0184399989,3.9599998,3.9599998
0.0184599981,4,3.9599998
0.0184799992,3.9599998,3.91999984
0.0184999984,3.9599998,3.91999984
0.0185199995,4,3.9599998
0.0185399987,3.9599998,3.9599998
0.0185599998,3.9599998,3.9599998
0.018579999,3.9599998,3.9599998
0.0185999982,3.9599998,3.9599998
0.0186199993,3.9599998,3.9599998
0.0186399985,3.9599998,3.9599998
0.0186599996,3.9599998,3.91999984
0.0186799988,3.9599998,3.9599998
0.0186999999,3.9599998,3.9599998
0.0187199991,3.91999984,3.9599998
0.0187399983,3.9599998,3.9599998
0.0187599994,3.9599998,3.9599998
0.0187799986,3.9599998,3.9599998
0.0187999997,3.9599998,3.9599998
0.0188199989,3.9599998,3.9599998
0.0188399982,4,3.9599998
0.0188599993,3.9599998,3.9599998
0.0188799985,3.9599998,3.9599998
0.0188999996,3.9599998,3.9599998
0.0189199988,3.9599998,3.9599998
0.0189399999,3.9599998,3.9599998
0.0189599991,3.9599998,3.9599998
0.0189799983,3.9599998,3.91999984
0.0189999994,3.9599998,3.9599998
0.0190199986,4,3.9599998
0.0190399997,3.9599998,3.9599998
0.0190599989,4,3.9599998
0.0190799981,3.9599998,3.9599998
0.0190999992,3.9599998,3.9599998
0.0191199984,3.9599998,4
0.0191399995,3.9599998,3.9599998
0.0191599987,3.9599998,3.9599998
0.0191799998,3.9599998,3.9599998
0.019199999,3.9599998,3.9599998
0.0192199983,3.9599998,3.9599998
0.0192399994,3.9599998,3.91999984
0.0192599986,3.9599998,3.9599998
0.0192799997,3.91999984,3.9599998
0.0192999989,3.9599998,3.9599998
0.0193199981,3.9599998,3.9599998
0.0193399992,3.9599998,3.9599998
0.0193599984,3.9599998,3.9599998
0.0193799995,4,3.9599998
0.0193999987,3.9599998,3.9599998
0.0194199998,3.9599998,3.91999984
0.019439999,3.91999984,3.9599998
0.0194599982,3.9599998,3.9599998
0.0194799993,4,3.9599998
0.0194999985,3.9599998,3.9599998
0.0195199996,3.9599998,3.9599998
0.0195399988,3.9599998,3.9599998
0.0195599981,3.9599998,3.9599998
0.0195799991,4,3.9599998
0.0195999984,3.9599998,3.9599998
0.0196199995,3.9599998,3.9599998
0.0196399987,3.9599998,3.9599998
0.0196599998,3.9599998,3.9599998
0.019679999,3.9599998,4
0.0196999982,3.9599998,3.91999984
0.0197199993,3.9599998,3.91999984
0.0197399985,3.9599998,3.9599998
0.0197599996,4,3.9599998
0.0197799988,4,3.9599998
0.019799998,4,3.9599998
0.0198199991,3.9599998,3.91999984
0.0198399983,3.9599998,3.9599998
0.0198599994,4,3.9599998
0.0198799986,3.9599998,3.9599998
0.0198999997,3.9599998,3.9599998
0.0199199989,3.9599998,3.9599998
0.0199399982,3.9599998,3.9599998
0.0199599992,3.9599998,3.9599998
0.0199799985,3.9599998,3.9599998
0.0199999996,3.9599998,3.9599998
0.0200199988,3.9599998,3.9599998
0.0200399999,3.9599998,3.9599998
0.0200599991,3.9599998,3.9599998
0.0200799983,3.9599998,3.9599998
0.02009999938,4,3.9599998
0.0201199986,3.9599998,3.9599998
0.02013999969,4,3.9599998
0.02015999891,3.9599998,3.9599998
0.02017999813,3.9599998,3.9599998
0.02019999921,3.91999984,3.9599998
0.02021999843,3.9599998,3.9599998
0.02023999952,3.9599998,3.9599998
0.02025999874,3.9599998,3.91999984
0.02027999982,3.9599998,3.9599998
0.02029999904,4,3.9599998
0.02031999826,3.9599998,3.9599998
0.02033999935,3.9599998,3.91999984
0.02035999857,3.9599998,3.91999984
0.02037999965,3.9599998,3.9599998
0.02039999887,3.9599998,3.9599998
0.02041999809,3.9599998,3.9599998
0.02043999918,3.9599998,3.9599998
0.0204599984,3.9599998,3.9599998
0.02047999948,4,3.9599998
0.0204999987,3.9599998,3.9599998
0.02051999979,3.91999984,3.9599998
0.02053999901,3.9599998,3.9599998
0.02055999823,3.9599998,3.9599998
0.02057999931,3.9599998,3.9599998
0.02059999853,3.9599998,3.9599998
0.02061999962,3.9599998,3.9599998
0.02063999884,3.9599998,3.9599998
0.02065999806,3.9599998,3.9599998
0.02067999914,3.9599998,3.9599998
0.02069999836,3.9599998,3.9599998
0.02071999945,3.9599998,3.9599998
0.02073999867,3.9599998,3.9599998
0.02075999975,4,3.9599998
0.02077999897,3.9599998,3.9599998
0.02079999819,3.9599998,3.9599998
0.02081999928,3.9599998,3.9599998
0.0208399985,3.9599998,3.9599998
0.02085999958,3.9599998,3.9599998
0.0208799988,3.9599998,3.9599998
0.02089999802,3.9599998,3.9599998
0.02091999911,3.9599998,3.9599998
0.02093999833,4,3.9599998
0.02095999941,3.91999984,3.91999984
0.02097999863,3.9599998,3.9599998
0.02099999972,3.9599998,3.9599998
0.02101999894,3.9599998,3.9599998
0.02103999816,3.9599998,3.9599998
0.02105999924,3.9599998,3.9599998
0.02107999846,3.9599998,3.9599998
0.02109999955,3.9599998,3.9599998
0.02111999877,3.9599998,3.9599998
0.02113999799,3.9599998,3.9599998
0.02115999907,3.9599998,3.9599998
0.02117999829,3.9599998,3.9599998
0.02119999938,3.9599998,3.9599998
0.0212199986,3.9599998,3.9599998
0.02123999968,4,3.9599998
0.0212599989,3.9599998,3.9599998
0.02127999812,3.9599998,3.9599998
0.02129999921,3.9599998,3.91999984
0.02131999843,3.9599998,3.9599998
0.02133999951,3.9599998,3.9599998
0.02135999873,3.91999984,3.9599998
0.02137999982,3.9599998,3.9599998
0.02139999904,3.9599998,3.9599998
0.02141999826,3.9599998,3.9599998
0.02143999934,3.91999984,3.9599998
0.02145999856,3.9599998,3.9599998
0.02147999965,3.9599998,3.9599998
0.02149999887,3.9599998,3.9599998
0.02151999809,3.91999984,3.9599998
0.02153999917,4,3.9599998
0.02155999839,3.9599998,3.9599998
0.02157999948,3.9599998,3.9599998
0.0215999987,3.9599998,3.9599998
0.02161999978,3.9599998,3.9599998
0.021639999,3.9599998,3.9599998
0.02165999822,3.9599998,3.9599998
0.02167999931,3.9599998,3.9599998
0.02169999853,3.9599998,3.9599998
0.02171999961,3.9599998,3.9599998
0.02173999883,3.9599998,3.9599998
0.02175999805,4,3.9599998
0.02177999914,4,3.9599998
0.02179999836,3.9599998,3.9599998
0.02181999944,3.9599998,3.9599998
0.02183999866,3.9599998,3.9599998
0.02185999975,3.9599998,3.9599998
0.02187999897,4,3.9599998
0.02189999819,3.9599998,3.9599998
0.02191999927,4,3.91999984
0.02193999849,3.9599998,3.9599998
0.02195999958,3.9599998,3.91999984
0.0219799988,4,3.9599998
0.02199999802,3.9599998,3.91999984
0.0220199991,3.9599998,3.9599998
0.02203999832,3.9599998,3.9599998
0.02205999941,4,3.9599998
0.02207999863,3.91999984,3.9599998
0.02209999971,3.9599998,3.9599998
0.02211999893,3.9599998,3.9599998
0.02213999815,3.9599998,3.9599998
0.02215999924,4,3.9599998
0.02217999846,4,3.9599998
0.02219999954,3.9599998,3.9599998
0.02221999876,3.91999984,3.91999984
0.02223999798,3.9599998,3.91999984
0.02225999907,3.9599998,3.9599998
0.02227999829,3.9599998,3.9599998
0.02229999937,3.9599998,3.91999984
0.02231999859,3.9599998,3.9599998
0.02233999968,3.9599998,3.9599998
0.0223599989,3.9599998,3.9599998
0.02237999812,4,3.9599998
0.0223999992,3.9599998,3.9599998
0.02241999842,3.9599998,3.9599998
0.02243999951,4,3.9599998
0.02245999873,3.9599998,3.9599998
0.02247999981,3.9599998,3.9599998
0.02249999903,3.9599998,3.9599998
0.02251999825,3.9599998,3.9599998
0.02253999934,4,3.9599998
0.02255999856,3.9599998,3.9599998
0.02257999964,3.9599998,3.9599998
0.02259999886,3.9599998,3.9599998
0.02261999808,4,3.9599998
0.02263999917,4,3.9599998
0.02265999839,3.9599998,3.9599998
0.02267999947,3.9599998,3.9599998
0.02269999869,3.9599998,3.9599998
0.02271999978,3.9599998,3.9599998
0.022739999,3.9599998,3.9599998
0.02275999822,3.9599998,3.9599998
0.0227799993,3.9599998,3.9599998
0.02279999852,3.91999984,3.9599998
0.02281999961,3.9599998,3.9599998
0.02283999883,3.9599998,3.9599998
0.02285999805,4,3.9599998
0.02287999913,3.9599998,3.9599998
0.02289999835,4,3.9599998
0.02291999944,3.9599998,3.9599998
0.02293999866,3.9599998,3.9599998
0.02295999974,3.91999984,3.9599998
0.02297999896,3.9599998,3.91999984
0.02299999818,3.9599998,3.9599998
0.02301999927,3.9599998,3.9599998
0.02303999849,3.9599998,3.9599998
0.02305999957,3.9599998,3.9599998
0.02307999879,4,3.91999984
0.02309999801,3.9599998,3.9599998
0.0231199991,3.9599998,3.9599998
0.02313999832,3.9599998,3.9599998
0.0231599994,4,3.9599998
0.02317999862,3.91999984,3.9599998
0.0231999997,3.9599998,3.9599998
0.02321999893,4,3.9599998
0.02323999815,3.9599998,3.9599998
0.02325999923,3.9599998,3.9599998
0.02327999845,3.9599998,3.9599998
0.02329999954,4,3.9599998
0.02331999876,3.9599998,3.9599998
0.02333999798,3.9599998,3.9599998
0.02335999906,3.9599998,3.9599998
0.02337999828,3.9599998,3.9599998
0.02339999937,3.9599998,3.9599998
0.02341999859,3.9599998,3.9599998
0.02343999967,4,3.9599998
0.02345999889,3.9599998,3.9599998
0.02347999811,3.9599998,3.91999984
0.0234999992,3.9599998,3.9599998
0.02351999842,3.9599998,3.9599998
0.0235399995,3.9599998,3.9599998
0.02355999872,3.9599998,3.9599998
0.02357999794,3.9599998,3.9599998
0.02359999903,4,3.9599998
0.02361999825,3.9599998,3.91999984
0.02363999933,3.9599998,3.9599998
0.02365999855,3.91999984,3.9599998
0.02367999963,3.9599998,3.9599998
0.02369999886,3.9599998,3.9599998
0.02371999808,3.9599998,3.9599998
0.02373999916,3.9599998,3.9599998
0.02375999838,3.9599998,3.9599998
0.02377999946,4,3.9599998
0.02379999869,3.9599998,3.9599998
0.02381999977,3.9599998,3.9599998
0.02383999899,4,3.9599998
0.02385999821,3.9599998,3.9599998
0.02387999929,3.9599998,3.9599998
0.02389999852,3.9599998,3.91999984
0.0239199996,3.9599998,3.9599998
0.02393999882,3.9599998,3.9599998
0.02395999804,3.91999984,3.9599998
0.02397999913,3.9599998,3.9599998
0.02399999835,3.9599998,3.9599998
0.02401999943,4,3.9599998
0.02403999865,3.9599998,3.9599998
0.02405999973,3.9599998,3.9599998
0.02407999896,3.9599998,4
0.02409999818,3.9599998,3.9599998
0.02411999926,4,3.9599998
0.02413999848,3.9599998,3.91999984
0.02415999956,4,3.9599998
0.02417999879,3.9599998,3.9599998
0.02419999801,3.9599998,3.9599998
0.02421999909,4,3.9599998
0.02423999831,3.9599998,3.91999984
0.02425999939,3.9599998,3.9599998
0.02427999862,3.9599998,3.9599998
0.0242999997,4,3.9599998
0.02431999892,4,3.91999984
0.02433999814,3.9599998,3.91999984
0.02435999922,3.9599998,3.9599998
0.02437999845,3.9599998,3.91999984
0.02439999953,3.9599998,3.9599998
0.02441999875,3.9599998,3.9599998
0.02443999797,4,3.9599998
0.02445999905,3.91999984,3.9599998
0.02447999828,3.9599998,3.9599998
0.02449999936,3.9599998,3.9599998
0.02451999858,3.9599998,3.9599998
0.02453999966,3.9599998,3.9599998
0.02455999888,3.9599998,3.9599998
0.02457999811,3.9599998,4
0.02459999919,4,3.9599998
0.02461999841,3.9599998,3.9599998
0.02463999949,4,3.9599998
0.02465999871,3.9599998,3.9599998
0.02467999794,3.9599998,3.9599998
0.02469999902,4,3.9599998
0.02471999824,3.9599998,3.9599998
0.02473999932,3.9599998,3.9599998
0.02475999855,3.9599998,3.9599998
0.02477999963,3.9599998,3.9599998
0.02479999885,3.9599998,3.9599998
0.02481999807,3.9599998,3.9599998
0.02483999915,3.9599998,3.9599998
0.02485999838,3.9599998,3.9599998
0.02487999946,3.9599998,3.9599998
0.02489999868,3.9599998,3.91999984
0.0249199979,3.9599998,3.9599998
0.02493999898,3.9599998,3.9599998
0.02495999821,3.9599998,3.9599998
0.02497999929,3.9599998,3.9599998
0.02499999851,3.9599998,3.9599998
0.02501999959,3.9599998,3.9599998
0.02503999881,3.9599998,3.9599998
0.02505999804,3.9599998,3.91999984
0.02507999912,3.9599998,3.9599998
0.02509999834,3.9599998,3.9599998
0.02511999942,4,3.9599998
0.02513999864,3.9599998,3.9599998
0.02515999973,4,3.9599998
0.02517999895,3.9599998,3.9599998
0.02519999817,3.9599998,3.9599998
0.02521999925,4,3.9599998
0.02523999847,4,3.9599998
0.02525999956,3.9599998,3.9599998
0.02527999878,3.9599998,3.9599998
0.025299998,3.9599998,3.9599998
0.02531999908,3.9599998,3.9599998
0.0253399983,3.9599998,3.9599998
0.02535999939,3.9599998,3.9599998
0.02537999861,4,3.9599998
0.02539999969,3.9599998,3.9599998
0.02541999891,3.9599998,3.9599998
0.02543999813,3.9599998,3.91999984
0.02545999922,3.9599998,3.91999984
0.02547999844,3.9599998,3.9599998
0.02549999952,3.9599998,3.9599998
0.02551999874,3.9599998,3.9599998
0.02553999797,3.9599998,3.9599998
0.02555999905,3.9599998,3.9599998
0.02557999827,4,3.9599998
0.02559999935,3.9599998,3.9599998
0.02561999857,3.91999984,3.9599998
0.02563999966,3.9599998,3.9599998
0.02565999888,3.9599998,3.9599998
0.0256799981,3.9599998,3.9599998
0.02569999918,3.9599998,3.9599998
0.0257199984,3.91999984,3.91999984
0.02573999949,3.9599998,3.9599998
0.02575999871,3.9599998,3.9599998
0.02577999793,3.9599998,3.9599998
0.02579999901,3.9599998,3.9599998
0.02581999823,3.9599998,3.91999984
0.02583999932,3.9599998,3.9599998
0.02585999854,3.9599998,3.9599998
0.02587999962,3.9599998,3.9599998
0.02589999884,3.9599998,3.9599998
0.02591999806,3.9599998,3.9599998
0.02593999915,3.9599998,3.9599998
0.02595999837,3.9599998,3.9599998
0.02597999945,3.9599998,3.9599998
0.02599999867,3.9599998,3.91999984
0.02601999789,3.9599998,3.9599998
0.02603999898,3.9599998,3.9599998
0.0260599982,3.9599998,3.9599998
0.02607999928,3.9599998,3.91999984
0.0260999985,3.9599998,3.9599998
0.02611999959,3.9599998,3.9599998
0.02613999881,3.9599998,3.9599998
0.02615999803,4,3.9599998
0.02617999911,3.9599998,3.9599998
0.02619999833,3.9599998,3.9599998
0.02621999942,3.9599998,3.9599998
0.02623999864,3.9599998,3.9599998
0.02625999786,3.9599998,3.9599998
0.02627999894,3.9599998,3.9599998
0.02629999816,3.9599998,3.9599998
0.02631999925,4,3.9599998
0.02633999847,3.9599998,3.91999984
0.02635999955,3.9599998,4
0.02637999877,3.91999984,3.9599998
0.02639999799,3.9599998,3.9599998
0.02641999908,3.9599998,3.9599998
0.0264399983,4,3.9599998
0.02645999938,3.9599998,3.91999984
0.0264799986,3.9599998,3.9599998
0.02649999969,3.9599998,3.9599998
0.02651999891,3.9599998,3.9599998
0.02653999813,4,3.9599998
0.02655999921,3.9599998,3.9599998
0.02657999843,4,3.9599998
0.02659999952,3.9599998,3.9599998
0.02661999874,3.9599998,3.91999984
0.02663999796,4,3.9599998
0.02665999904,3.9599998,3.9599998
0.02667999826,3.9599998,3.9599998
0.02669999935,3.9599998,3.9599998
0.02671999857,3.9599998,3.9599998
0.02673999965,4,3.9599998
0.02675999887,3.9599998,3.9599998
0.02677999809,3.9599998,4
0.02679999918,3.9599998,3.9599998
0.0268199984,3.9599998,3.9599998
0.02683999948,3.9599998,3.9599998
0.0268599987,3.9599998,3.9599998
0.02687999792,3.9599998,3.9599998
0.02689999901,3.9599998,3.9599998
0.02691999823,4,3.9599998
0.02693999931,3.91999984,4
0.02695999853,3.9599998,3.9599998
0.02697999962,4,3.9599998
0.02699999884,3.9599998,3.9599998
0.02701999806,3.9599998,3.9599998
0.02703999914,3.9599998,3.9599998
0.02705999836,3.9599998,3.9599998
0.02707999945,3.9599998,3.9599998
0.02709999867,3.9599998,3.9599998
0.02711999789,3.9599998,3.9599998
0.02713999897,3.9599998,3.9599998
0.02715999819,3.9599998,3.9599998
0.02717999928,3.9599998,3.9599998
0.0271999985,3.9599998,3.91999984
0.02721999958,3.9599998,3.9599998
0.0272399988,3.9599998,3.9599998
0.02725999802,4,3.91999984
0.02727999911,3.9599998,3.9599998
0.02729999833,3.9599998,3.9599998
0.02731999941,3.9599998,3.9599998
0.02733999863,3.9599998,3.9599998
0.02735999785,4,3.9599998
0.02737999894,3.9599998,3.9599998
0.02739999816,3.9599998,3.91999984
0.02741999924,3.9599998,3.9599998
0.02743999846,3.9599998,3.9599998
0.02745999955,3.9599998,3.9599998
0.02747999877,3.9599998,3.9599998
0.02749999799,3.9599998,3.9599998
0.02751999907,3.9599998,3.91999984
0.02753999829,3.9599998,3.91999984
0.02755999938,3.9599998,3.9599998
0.0275799986,3.9599998,3.9599998
0.02759999782,3.9599998,3.9599998
0.0276199989,4,3.9599998
0.02763999812,3.9599998,3.9599998
0.02765999921,3.9599998,3.9599998
0.02767999843,3.9599998,3.9599998
0.02769999951,3.9599998,3.9599998
0.02771999873,3.9599998,3.9599998
0.02773999795,3.9599998,3.9599998
0.02775999904,3.91999984,3.9599998
0.02777999826,3.9599998,3.9599998
0.02779999934,3.91999984,3.9599998
0.02781999856,3.9599998,3.9599998
0.02783999965,3.9599998,3.9599998
0.02785999887,3.9599998,3.9599998
0.02787999809,3.9599998,3.9599998
0.02789999917,3.9599998,3.91999984
0.02791999839,3.9599998,3.9599998
0.02793999948,3.91999984,3.91999984
0.0279599987,3.9599998,3.9599998
0.02797999792,3.9599998,3.9599998
0.027999999,3.9599998,3.91999984
0.02801999822,3.9599998,3.91999984
0.02803999931,3.9599998,3.9599998
0.02805999853,3.9599998,3.9599998
0.02807999961,3.9599998,3.91999984
0.02809999883,3.9599998,3.9599998
0.02811999805,4,3.9599998
0.02813999914,3.9599998,3.91999984
0.02815999836,3.9599998,3.9599998
0.02817999944,3.9599998,3.9599998
0.02819999866,3.9599998,3.9599998
0.02821999788,3.9599998,3.9599998
0.02823999897,4,3.9599998
0.02825999819,3.91999984,3.9599998
0.02827999927,3.9599998,3.9599998
0.02829999849,3.9599998,3.9599998
0.02831999958,3.9599998,3.91999984
0.0283399988,3.9599998,3.91999984
0.02835999802,3.9599998,3.9599998
0.0283799991,3.9599998,3.9599998
0.02839999832,3.9599998,3.9599998
0.02841999941,3.9599998,3.9599998
0.02843999863,3.9599998,4
0.02845999785,3.9599998,3.9599998
0.02847999893,4,3.9599998
0.02849999815,4,3.9599998
0.02851999924,3.9599998,3.9599998
0.02853999846,3.9599998,3.91999984
0.02855999954,3.9599998,3.9599998
0.02857999876,3.9599998,3.9599998
0.02859999798,3.9599998,3.9599998
0.02861999907,3.9599998,3.9599998
0.02863999829,3.9599998,3.9599998
0.02865999937,3.9599998,3.9599998
0.02867999859,3.9599998,3.9599998
0.02869999781,4,3.9599998
0.0287199989,3.9599998,3.9599998
0.02873999812,3.9599998,3.9599998
0.0287599992,3.9599998,3.91999984
0.02877999842,3.91999984,3.91999984
0.02879999951,3.9599998,3.91999984
0.02881999873,3.9599998,3.91999984
0.02883999795,3.9599998,3.9599998
0.02885999903,3.9599998,4
0.02887999825,3.9599998,3.9599998
0.02889999934,3.9599998,3.9599998
0.02891999856,3.9599998,3.91999984
0.02893999964,3.9599998,3.9599998
0.02895999886,3.9599998,3.9599998
0.02897999808,3.9599998,3.9599998
0.02899999917,3.91999984,3.9599998
0.02901999839,3.9599998,3.9599998
0.02903999947,3.9599998,3.9599998
0.02905999869,3.9599998,3.9599998
0.02907999791,3.9599998,3.9599998
0.029099999,3.91999984,3.9599998
0.02911999822,3.9599998,3.9599998
0.0291399993,3.9599998,3.9599998
0.02915999852,3.9599998,3.9599998
0.0291799996,4,3.9599998
0.02919999883,3.9599998,3.9599998
0.02921999805,3.9599998,3.9599998
0.02923999913,3.9599998,3.9599998
0.02925999835,3.9599998,3.91999984
0.02927999943,3.9599998,3.9599998
0.02929999866,3.9599998,3.9599998
0.02931999788,3.91999984,3.9599998
0.02933999896,3.9599998,3.9599998
0.02935999818,3.9599998,3.9599998
0.02937999927,3.9599998,3.9599998
0.02939999849,3.9599998,3.91999984
0.02941999957,3.9599998,3.91999984
0.02943999879,4,3.9599998
0.02945999801,3.9599998,3.9599998
0.0294799991,3.9599998,3.9599998
0.02949999832,3.9599998,3.9599998
0.0295199994,4,3.91999984
0.02953999862,3.9599998,3.9599998
0.02955999784,3.9599998,3.9599998
0.02957999893,3.9599998,3.9599998
0.02959999815,3.9599998,3.9599998
0.02961999923,3.9599998,4
0.02963999845,3.91999984,3.9599998
0.02965999953,3.9599998,3.9599998
0.02967999876,3.9599998,3.9599998
0.02969999798,3.9599998,3.9599998
0.02971999906,3.9599998,3.91999984
0.02973999828,3.9599998,3.9599998
0.02975999936,4,3.9599998
0.02977999859,3.9599998,3.9599998
0.02979999781,3.9599998,3.9599998
0.02981999889,3.9599998,3.9599998
0.02983999811,3.9599998,3.9599998
0.02985999919,4,3.9599998
0.02987999842,3.9599998,4
0.0298999995,3.9599998,3.9599998
0.02991999872,3.9599998,3.91999984
0.02993999794,3.9599998,3.9599998
0.02995999902,3.9599998,3.91999984
0.02997999825,3.9599998,3.9599998
0.02999999933,3.9599998,3.9599998
0.03001999855,3.9599998,3.9599998
0.03003999777,3.9599998,3.9599998
0.03005999885,3.9599998,3.9599998
0.03007999808,3.9599998,3.9599998
0.03009999916,3.9599998,3.9599998
0.03011999838,3.9599998,3.9599998
0.03013999946,3.9599998,3.9599998
0.03015999869,3.9599998,3.9599998
0.03017999791,3.9599998,3.9599998
0.03019999899,3.9599998,3.9599998
0.03021999821,3.9599998,3.91999984
0.03023999929,3.9599998,3.91999984
0.03025999852,3.9599998,3.91999984
0.0302799996,3.9599998,4
0.03029999882,3.9599998,3.9599998
0.03031999804,4,3.9599998
0.03033999912,3.9599998,3.91999984
0.03035999835,3.9599998,3.9599998
0.03037999943,3.9599998,3.9599998
0.03039999865,4,3.9599998
0.03041999787,3.9599998,3.9599998
0.03043999895,3.9599998,3.9599998
0.03045999818,3.9599998,3.9599998
0.03047999926,3.9599998,3.9599998
0.03049999848,3.9599998,3.91999984
0.03051999956,3.91999984,3.9599998
0.03053999878,3.9599998,3.9599998
0.03055999801,3.9599998,3.9599998
0.03057999909,4,3.9599998
0.03059999831,3.9599998,3.9599998
0.03061999939,3.9599998,3.9599998
0.03063999861,3.9599998,3.9599998
0.03065999784,3.9599998,3.91999984
0.03067999892,3.9599998,3.9599998
0.03069999814,4,3.9599998
0.03071999922,3.9599998,3.9599998
0.03073999844,3.9599998,3.9599998
0.03075999953,3.9599998,3.9599998
0.03077999875,3.9599998,3.9599998
0.03079999797,3.9599998,3.9599998
0.03081999905,3.9599998,3.9599998
0.03083999828,3.9599998,3.9599998
0.03085999936,3.9599998,3.9599998
0.03087999858,3.9599998,3.9599998
0.0308999978,3.9599998,3.91999984
0.03091999888,3.9599998,3.9599998
0.03093999811,3.9599998,4
0.03095999919,3.9599998,3.9599998
0.03097999841,3.9599998,3.9599998
0.03099999949,3.9599998,3.9599998
0.03101999871,3.9599998,3.9599998
0.03103999794,3.9599998,3.9599998
0.03105999902,3.9599998,3.9599998
0.03107999824,4,3.91999984
0.03109999932,3.9599998,3.9599998
0.03111999854,3.9599998,3.9599998
0.03113999777,4,3.9599998
0.03115999885,3.9599998,3.9599998
0.03117999807,3.9599998,3.9599998
0.03119999915,3.91999984,3.9599998
0.03121999837,3.9599998,3.9599998
0.03123999946,3.9599998,3.9599998
0.03125999868,3.9599998,3.9599998
0.03127999976,3.9599998,3.9599998
0.03129999712,3.9599998,3.9599998
0.0313199982,3.9599998,3.9599998
0.03133999929,3.9599998,3.91999984
0.03136000037,3.9599998,3.9599998
0.03137999773,3.9599998,3.9599998
0.03139999881,3.91999984,3.9599998
0.0314199999,3.9599998,3.9599998
0.03143999726,4,3.9599998
0.03145999834,3.9599998,3.9599998
0.03147999942,3.9599998,3.9599998
0.03150000051,4,3.9599998
0.03151999786,4,3.9599998
0.03153999895,3.9599998,3.9599998
0.03156000003,3.91999984,3.91999984
0.03157999739,3.9599998,3.9599998
0.03159999847,4,3.9599998
0.03161999956,4,3.9599998
0.03163999692,3.9599998,3.9599998
0.031659998,3.9599998,3.9599998
0.03167999908,3.9599998,3.9599998
0.03170000017,3.9599998,3.91999984
0.03171999753,3.9599998,3.9599998
0.03173999861,4,3.91999984
0.03175999969,3.9599998,3.9599998
0.03177999705,3.9599998,3.9599998
0.03179999813,3.9599998,3.9599998
0.03181999922,3.9599998,3.91999984
0.0318400003,3.9599998,3.9599998
0.03185999766,3.9599998,3.9599998
0.03187999874,3.9599998,3.9599998
0.03189999983,3.9599998,3.9599998
0.03191999719,3.9599998,3.9599998
0.03193999827,3.9599998,3.9599998
0.03195999935,4,3.9599998
0.03198000044,4,3.9599998
0.03199999779,3.9599998,3.9599998
0.03201999888,3.9599998,3.9599998
0.03203999996,4,3.9599998
0.03205999732,3.9599998,3.9599998
0.0320799984,3.9599998,3.9599998
0.03209999949,3.9599998,3.9599998
0.03211999685,3.9599998,4
0.03213999793,4,3.9599998
0.03215999901,3.9599998,3.9599998
0.0321800001,3.9599998,3.9599998
0.03219999745,3.9599998,3.9599998
0.03221999854,3.9599998,3.9599998
0.03223999962,3.9599998,3.9599998
0.03225999698,3.9599998,3.9599998
0.03227999806,3.9599998,3.9599998
0.03229999915,3.91999984,3.9599998
0.03232000023,3.9599998,3.9599998
0.03233999759,3.9599998,3.91999984
0.03235999867,3.9599998,4
0.03237999976,3.9599998,3.9599998
0.03239999712,3.9599998,3.9599998
0.0324199982,3.9599998,3.9599998
0.03243999928,3.9599998,3.9599998
0.03246000037,3.9599998,3.9599998
0.03247999772,3.9599998,3.9599998
0.03249999881,4,3.9599998
0.03251999989,3.9599998,3.9599998
0.03253999725,4,3.9599998
0.03255999833,3.9599998,3.91999984
0.03257999942,4,3.9599998
0.03259999678,3.9599998,3.9599998
0.03261999786,3.9599998,3.91999984
0.03263999894,3.9599998,3.9599998
0.03266000003,3.9599998,3.9599998
0.03267999738,3.9599998,3.9599998
0.03269999847,3.9599998,3.9599998
0.03271999955,3.9599998,3.9599998
0.03273999691,3.9599998,3.9599998
0.03275999799,3.9599998,3.9599998
0.03277999908,3.9599998,3.9599998
0.03280000016,4,3.9599998
0.03281999752,4,3.91999984
0.0328399986,3.9599998,3.9599998
0.03285999969,3.9599998,3.9599998
0.03287999704,3.9599998,3.9599998
0.03289999813,3.9599998,3.9599998
0.03291999921,3.9599998,3.9599998
0.0329400003,3.9599998,3.9599998
0.03295999765,3.9599998,3.91999984
0.03297999874,3.9599998,3.91999984
0.03299999982,3.9599998,3.9599998
0.03301999718,3.9599998,3.9599998
0.03303999826,-0.03999999911,3.9599998
0.03305999935,-0.03999999911,3.9599998
0.03308000043,-0.03999999911,3.9599998
0.03309999779,-0.03999999911,3.91999984
0.03311999887,0,3.9599998
0.03313999996,0,3.9599998
0.03315999731,-0.03999999911,3.9599998
0.0331799984,-0.03999999911,3.9599998
0.03319999948,-0.03999999911,3.91999984
0.03321999684,-0.03999999911,3.91999984
0.03323999792,-0.03999999911,3.87999988
0.03325999901,0,3.87999988
0.03328000009,-0.03999999911,3.83999991
0.03329999745,0,3.83999991
0.03331999853,-0.03999999911,3.83999991
0.03333999962,-0.03999999911,3.79999995
0.03335999697,-0.03999999911,3.75999999
0.03337999806,0,3.72000003
0.03339999914,0,3.72000003
0.03342000023,-0.03999999911,3.67999983
0.03343999758,0,3.63999987
0.03345999867,-0.03999999911,3.63999987
0.03347999975,0,3.5999999
0.03349999711,0,3.55999994
0.03351999819,0,3.55999994
0.03353999928,0,3.51999998
0.03356000036,0,3.48000002
0.03357999772,-0.03999999911,3.43999982
0.0335999988,0,3.43999982
0.03361999989,-0.03999999911,3.39999986
0.03363999724,-0.03999999911,3.3599999
0.03365999833,-0.03999999911,3.31999993
0.03367999941,0,3.31999993
0.03369999677,0,3.27999997
0.03371999785,0,3.27999997
0.03373999894,0,3.24000001
0.03376000002,-0.03999999911,3.19999981
0.03377999738,-0.03999999911,3.15999985
0.03379999846,-0.03999999911,3.15999985
0.03381999955,0,3.11999989
0.0338399969,0,3.07999992
0.03385999799,0,3.03999996
0.03387999907,0,3
0.03390000015,-0.03999999911,3
0.03391999751,0,2.96000004
0.0339399986,0,2.91999984
0.03395999968,0,2.87999988
0.03397999704,0,2.87999988
0.03399999812,0,2.87999988
0.03401999921,0,2.79999995
0.03404000029,0,2.79999995
0.03405999765,0,2.75999999
0.03407999873,-0.03999999911,2.75999999
0.03409999982,-0.03999999911,2.72000003
0.03411999717,0,2.6799998
0.03413999826,-0.03999999911,2.6799998
0.03415999934,0,2.6399999
0.03418000042,0,2.5999999
0.03419999778,-0.03999999911,2.5999999
0.03421999887,0,2.5599999
0.03423999995,0,2.52
0.03425999731,-0.03999999911,2.52
0.03427999839,0,2.48
0.03429999948,-0.03999999911,2.48
0.03431999683,-0.03999999911,2.4400001
0.03433999792,0,2.3999999
0.034359999,0,2.3999999
0.03438000008,-0.03999999911,2.3599999
0.03439999744,-0.03999999911,2.3599999
0.03441999853,-0.03999999911,2.3199999
0.03443999961,0,2.28
0.03445999697,-0.03999999911,2.28
0.03447999805,0,2.24
0.03449999914,0,2.24
0.03452000022,0,2.2
0.03453999758,-0.03999999911,2.1599998
0.03455999866,0,2.1599998
0.03457999974,-0.03999999911,2.1199999
0.0345999971,-0.03999999911,2.0799999
0.03461999819,-0.03999999911,2.0799999
0.03463999927,0,2.04
0.03466000035,-0.03999999911,2.04
0.03467999771,0,2.04
0.0346999988,0,2
0.03471999988,-0.03999999911,1.9599999
0.03473999724,-0.03999999911,1.9599999
0.03475999832,0,1.9599999
0.03477999941,-0.03999999911,1.92
0.03479999676,-0.03999999911,1.92
0.03481999785,-0.03999999911,1.92
0.03483999893,-0.03999999911,1.88
0.03486000001,-0.03999999911,1.8399999
0.03487999737,0,1.8399999
0.03489999846,0,1.8399999
0.03491999954,-0.03999999911,1.8
0.0349399969,-0.03999999911,1.76
0.03495999798,-0.03999999911,1.7199999
0.03497999907,-0.03999999911,1.7199999
0.03500000015,-0.03999999911,1.7199999
0.03501999751,-0.03999999911,1.6799999
0.03503999859,-0.03999999911,1.6799999
0.03505999967,-0.03999999911,1.64
0.03507999703,-0.03999999911,1.64
0.03509999812,-0.03999999911,1.64
0.0351199992,-0.03999999911,1.64
0.03514000028,-0.03999999911,1.64
0.03515999764,-0.03999999911,1.5999999
0.03517999873,-0.03999999911,1.5999999
0.03519999981,-0.03999999911,1.5599999
0.03521999717,-0.03999999911,1.5599999
0.03523999825,-0.03999999911,1.52
0.03525999933,-0.03999999911,1.52
0.03527999669,-0.03999999911,1.52
0.03529999778,-0.03999999911,1.48
0.03531999886,-0.03999999911,1.4399999
0.03533999994,-0.03999999911,1.4399999
0.0353599973,-0.03999999911,1.4399999
0.03537999839,-0.03999999911,1.4399999
0.03539999947,-0.03999999911,1.4
0.03541999683,0,1.4
0.03543999791,-0.03999999911,1.36
0.035459999,-0.03999999911,1.36
0.03548000008,-0.03999999911,1.3199999
0.03549999744,-0.03999999911,1.3199999
0.03551999852,0,1.3199999
0.0355399996,-0.03999999911,1.3199999
0.03555999696,0,1.28
0.03557999805,-0.03999999911,1.28
0.03559999913,-0.03999999911,1.28
0.03562000021,-0.03999999911,1.24
0.03563999757,-0.03999999911,1.24
0.03565999866,-0.03999999911,1.1999999
0.03567999974,0,1.24
0.0356999971,-0.03999999911,1.1999999
0.03571999818,-0.03999999911,1.1999999
0.03573999926,-0.03999999911,1.1999999
0.03576000035,-0.03999999911,1.16
0.03577999771,-0.03999999911,1.16
0.03579999879,-0.03999999911,1.12
0.03581999987,-0.03999999911,1.12
0.03583999723,-0.03999999911,1.12
0.03585999832,-0.03999999911,1.12
0.0358799994,-0.03999999911,1.0799999
0.03589999676,-0.03999999911,1.0799999
0.03591999784,-0.03999999911,1.0799999
0.03593999892,-0.03999999911,1.0799999
0.03596000001,-0.03999999911,1.04
0.03597999737,-0.03999999911,1.04
0.03599999845,0,1
0.03601999953,-0.03999999911,1
0.03603999689,-0.03999999911,1
0.03605999798,-0.03999999911,1
0.03607999906,-0.03999999911,1
0.03610000014,0,1
0.0361199975,-0.03999999911,0.959999978542
0.03613999858,-0.03999999911,0.959999978542
0.03615999967,-0.03999999911,0.959999978542
0.03617999703,-0.03999999911,0.919999957085
0.03619999811,-0.03999999911,0.919999957085
0.03621999919,-0.03999999911,0.879999995232
0.03624000028,0,0.919999957085
0.03625999764,-0.03999999911,0.919999957085
0.03627999872,-0.03999999911,0.879999995232
0.0362999998,-0.03999999911,0.879999995232
0.03631999716,-0.03999999911,0.879999995232
0.03633999825,-0.03999999911,0.839999973774
0.03635999933,-0.03999999911,0.839999973774
0.03637999669,-0.03999999911,0.839999973774
0.03639999777,-0.03999999911,0.839999973774
0.03641999885,-0.03999999911,0.839999973774
0.03643999994,-0.03999999911,0.839999973774
0.0364599973,-0.03999999911,0.799999952316
0.03647999838,-0.03999999911,0.799999952316
0.03649999946,-0.03999999911,0.799999952316
0.03651999682,-0.03999999911,0.799999952316
0.03653999791,-0.03999999911,0.759999990463
0.03655999899,-0.03999999911,0.759999990463
0.03658000007,-0.03999999911,0.759999990463
0.03659999743,-0.03999999911,0.759999990463
0.03661999851,-0.03999999911,0.719999969006
0.0366399996,-0.03999999911,0.719999969006
0.03665999696,-0.03999999911,0.719999969006
0.03667999804,-0.03999999911,0.680000007153
0.03669999912,-0.03999999911,0.719999969006
0.03672000021,-0.03999999911,0.719999969006
0.03673999757,-0.03999999911,0.680000007153
0.03675999865,-0.03999999911,0.680000007153
0.03677999973,0,0.680000007153
0.03679999709,-0.03999999911,0.680000007153
0.03681999817,-0.03999999911,0.680000007153
0.03683999926,-0.03999999911,0.680000007153
0.03686000034,0,0.639999985695
0.0368799977,-0.03999999911,0.599999964237
0.03689999878,-0.03999999911,0.639999985695
0.03691999987,-0.03999999911,0.639999985695
0.03693999723,-0.03999999911,0.599999964237
0.03695999831,-0.03999999911,0.599999964237
0.03697999939,-0.03999999911,0.599999964237
0.03699999675,-0.03999999911,0.599999964237
0.03701999784,-0.03999999911,0.599999964237
0.03703999892,-0.03999999911,0.599999964237
0.03706,-0.03999999911,0.599999964237
0.03707999736,-0.03999999911,0.599999964237
0.03709999844,-0.03999999911,0.560000002384
0.03711999953,-0.03999999911,0.560000002384
0.03713999689,-0.03999999911,0.560000002384
0.03715999797,-0.03999999911,0.560000002384
0.03717999905,-0.079999998212,0.560000002384
0.03720000014,-0.03999999911,0.560000002384
0.0372199975,-0.03999999911,0.560000002384
0.03723999858,-0.03999999911,0.519999980927
0.03725999966,-0.03999999911,0.519999980927
0.03727999702,-0.03999999911,0.519999980927
0.0372999981,-0.03999999911,0.519999980927
0.03731999919,-0.03999999911,0.519999980927
0.03734000027,-0.03999999911,0.479999989271
0.03735999763,-0.03999999911,0.479999989271
0.03737999871,-0.03999999911,0.519999980927
0.0373999998,-0.079999998212,0.479999989271
0.03741999716,-0.03999999911,0.479999989271
0.03743999824,0,0.479999989271
0.03745999932,-0.03999999911,0.479999989271
0.03747999668,-0.03999999911,0.479999989271
0.03749999776,-0.03999999911,0.479999989271
0.03751999885,-0.03999999911,0.439999997616
0.03753999993,-0.03999999911,0.519999980927
0.03755999729,-0.03999999911,0.439999997616
0.03757999837,-0.03999999911,0.439999997616
0.03759999946,-0.03999999911,0.439999997616
0.03761999682,-0.079999998212,0.439999997616
0.0376399979,-0.03999999911,0.439999997616
0.03765999898,-0.03999999911,0.439999997616
0.03768000007,-0.03999999911,0.439999997616
0.03769999743,-0.03999999911,0.39999997616
0.03771999851,-0.03999999911,0.39999997616
0.03773999959,-0.03999999911,0.39999997616
0.03775999695,-0.03999999911,0.3599999845
0.03777999803,-0.03999999911,0.39999997616
0.03779999912,-0.03999999911,0.39999997616
0.0378200002,-0.03999999911,0.39999997616
0.03783999756,-0.03999999911,0.39999997616
0.03785999864,-0.03999999911,0.3599999845
0.03787999973,-0.03999999911,0.3599999845
0.03789999709,-0.03999999911,0.39999997616
0.03791999817,-0.03999999911,0.3599999845
0.03793999925,-0.03999999911,0.3599999845
0.03796000034,-0.03999999911,0.3599999845
0.03797999769,-0.03999999911,0.3599999845
0.03799999878,-0.03999999911,0.3599999845
0.03801999986,-0.03999999911,0.3599999845
0.03803999722,-0.03999999911,0.3599999845
0.0380599983,-0.03999999911,0.31999999285
0.03807999939,-0.03999999911,0.3599999845
0.03809999675,-0.079999998212,0.3599999845
0.03811999783,-0.03999999911,0.3599999845
0.03813999891,-0.03999999911,0.31999999285
0.03816,-0.03999999911,0.31999999285
0.03817999735,-0.03999999911,0.31999999285
0.03819999844,-0.03999999911,0.3599999845
0.03821999952,-0.03999999911,0.31999999285
0.03823999688,-0.03999999911,0.31999999285
0.03825999796,-0.03999999911,0.31999999285
0.03827999905,-0.03999999911,0.31999999285
0.03830000013,-0.03999999911,0.28000000119
0.03831999749,-0.03999999911,0.28000000119
0.03833999857,-0.03999999911,0.28000000119
0.03835999966,-0.03999999911,0.28000000119
0.03837999701,-0.03999999911,0.31999999285
0.0383999981,-0.03999999911,0.28000000119
0.03841999918,-0.03999999911,0.28000000119
0.03844000027,-0.03999999911,0.28000000119
0.03845999762,-0.03999999911,0.28000000119
0.03847999871,-0.03999999911,0.23999999464
0.03849999979,-0.03999999911,0.28000000119
0.03851999715,-0.03999999911,0.23999999464
0.03853999823,-0.03999999911,0.23999999464
0.03855999932,-0.03999999911,0.23999999464
0.03857999668,-0.03999999911,0.23999999464
0.03859999776,-0.03999999911,0.23999999464
0.03861999884,-0.03999999911,0.23999999464
0.03863999993,-0.03999999911,0.23999999464
0.03865999728,-0.03999999911,0.23999999464
0.03867999837,-0.03999999911,0.23999999464
0.03869999945,-0.079999998212,0.23999999464
0.03871999681,-0.03999999911,0.23999999464
0.03873999789,-0.03999999911,0.23999999464
0.03875999898,-0.03999999911,0.23999999464
0.03878000006,-0.03999999911,0.23999999464
0.03879999742,-0.03999999911,0.23999999464
0.0388199985,-0.03999999911,0.23999999464
0.03883999959,-0.03999999911,0.23999999464
0.03885999694,-0.03999999911,0.23999999464
0.03887999803,-0.03999999911,0.23999999464
0.03889999911,-0.03999999911,0.23999999464
0.0389200002,-0.03999999911,0.23999999464
0.03893999755,-0.03999999911,0.23999999464
0.03895999864,-0.03999999911,0.23999999464
0.03897999972,-0.03999999911,0.23999999464
0.03899999708,-0.03999999911,0.19999998808
0.03901999816,0,0.19999998808
0.03903999925,-0.03999999911,0.19999998808
0.0390599966,-0.03999999911,0.19999998808
0.03907999769,-0.03999999911,0.19999998808
0.03909999877,-0.03999999911,0.19999998808
0.03911999986,-0.03999999911,0.19999998808
0.03913999721,-0.03999999911,0.19999998808
0.0391599983,-0.03999999911,0.19999998808
0.03917999938,-0.03999999911,0.19999998808
0.03919999674,-0.03999999911,0.19999998808
0.03921999782,-0.03999999911,0.19999998808
0.03923999891,-0.03999999911,0.19999998808
0.03925999999,-0.03999999911,0.19999998808
0.03927999735,-0.03999999911,0.19999998808
0.03929999843,-0.03999999911,0.19999998808
0.03931999952,-0.03999999911,0.19999998808
0.03933999687,-0.03999999911,0.19999998808
0.03935999796,-0.03999999911,0.19999998808
0.03937999904,-0.03999999911,0.19999998808
0.03940000013,-0.03999999911,0.15999999642
0.03941999748,-0.03999999911,0.19999998808
0.03943999857,0,0.15999999642
0.03945999965,-0.03999999911,0.15999999642
0.03947999701,-0.03999999911,0.15999999642
0.03949999809,-0.03999999911,0.15999999642
0.03951999918,-0.03999999911,0.19999998808
0.03954000026,-0.03999999911,0.15999999642
0.03955999762,-0.03999999911,0.15999999642
0.0395799987,-0.03999999911,0.15999999642
0.03959999979,-0.03999999911,0.15999999642
0.03961999714,-0.03999999911,0.15999999642
0.03963999823,-0.03999999911,0.1199999973
0.03965999931,-0.03999999911,0.15999999642
0.03967999667,-0.03999999911,0.1199999973
0.03969999775,-0.03999999911,0.1199999973
0.03971999884,-0.03999999911,0.15999999642
0.03973999992,-0.03999999911,0.15999999642
0.03975999728,-0.03999999911,0.15999999642
0.03977999836,-0.03999999911,0.15999999642
0.03979999945,-0.079999998212,0.1199999973
0.0398199968,-0.03999999911,0.1199999973
0.03983999789,-0.03999999911,0.1199999973
0.03985999897,-0.03999999911,0.1199999973
0.03988000005,-0.03999999911,0.15999999642
0.03989999741,-0.03999999911,0.15999999642
0.0399199985,-0.03999999911,0.1199999973
0.03993999958,-0.03999999911,0.15999999642
0.03995999694,-0.03999999911,0.1199999973
0.03997999802,-0.03999999911,0.1199999973
0.03999999911,-0.03999999911,0.1199999973
0.04002000019,-0.03999999911,0.1199999973
0.04003999755,-0.03999999911,0.1199999973
0.04005999863,-0.03999999911,0.1199999973
0.04007999972,-0.03999999911,0.03999999911
0.04009999707,-0.03999999911,0.1199999973
0.04011999816,-0.03999999911,0.1199999973
0.04013999924,-0.03999999911,0.1199999973
0.0401599966,-0.03999999911,0.1199999973
0.04017999768,-0.03999999911,0.1199999973
0.04019999877,-0.03999999911,0.1199999973
0.04021999985,-0.03999999911,0.1199999973
0.04023999721,-0.03999999911,0.1199999973
0.04025999829,-0.03999999911,0.1199999973
0.04027999938,-0.03999999911,0.1199999973
0.04029999673,-0.03999999911,0.1199999973
0.04031999782,-0.03999999911,0.1199999973
0.0403399989,-0.03999999911,0.1199999973
0.04035999998,-0.03999999911,0.1199999973
0.04037999734,-0.03999999911,0.1199999973
0.04039999843,-0.03999999911,0.079999998212
0.04041999951,-0.03999999911,0.1199999973
0.04043999687,-0.03999999911,0.1199999973
0.04045999795,-0.03999999911,0.1199999973
0.04047999904,-0.03999999911,0.1199999973
0.04050000012,-0.03999999911,0.079999998212
0.04051999748,-0.03999999911,0.079999998212
0.04053999856,-0.03999999911,0.079999998212
0.04055999964,-0.03999999911,0.079999998212
0.040579997,-0.03999999911,0.079999998212
0.04059999809,-0.03999999911,0.1199999973
0.04061999917,-0.03999999911,0.079999998212
0.04064000025,-0.03999999911,0.079999998212
0.04065999761,-0.03999999911,0.079999998212
0.0406799987,-0.03999999911,0.079999998212
0.04069999978,-0.03999999911,0.079999998212
0.04071999714,-0.03999999911,0.079999998212
0.04073999822,-0.03999999911,0.1199999973
0.04075999931,-0.03999999911,0.079999998212
0.04077999666,-0.03999999911,0.079999998212
0.04079999775,-0.03999999911,0.079999998212
0.04081999883,-0.03999999911,0.079999998212
0.04083999991,-0.03999999911,0.079999998212
0.04085999727,-0.03999999911,0.079999998212
0.04087999836,-0.03999999911,0.079999998212
0.04089999944,-0.03999999911,0.079999998212
0.0409199968,-0.03999999911,0.079999998212
0.04093999788,-0.03999999911,0.079999998212
0.04095999897,-0.03999999911,0.079999998212
0.04098000005,-0.03999999911,0.079999998212
0.04099999741,-0.03999999911,0.079999998212
0.04101999849,-0.03999999911,0.079999998212
0.04103999957,-0.03999999911,0.079999998212
0.04105999693,-0.03999999911,0.079999998212
0.04107999802,-0.03999999911,0.03999999911
0.0410999991,-0.03999999911,0.03999999911
0.04112000018,-0.03999999911,0.079999998212
0.04113999754,-0.03999999911,0.03999999911
0.04115999863,-0.03999999911,0.03999999911
0.04117999971,-0.03999999911,0.03999999911
0.04119999707,-0.03999999911,0.079999998212
0.04121999815,-0.03999999911,0.079999998212
0.04123999923,-0.03999999911,0.079999998212
0.04125999659,-0.03999999911,0.079999998212
0.04127999768,-0.03999999911,0.03999999911
0.04129999876,-0.03999999911,0.03999999911
0.04131999984,-0.03999999911,0.03999999911
0.0413399972,-0.03999999911,0.03999999911
0.04135999829,-0.03999999911,0.03999999911
0.04137999937,-0.03999999911,0.03999999911
0.04139999673,-0.03999999911,0.03999999911
0.04141999781,-0.03999999911,0.03999999911
0.04143999889,-0.03999999911,0.03999999911
0.04145999998,-0.03999999911,0.03999999911
0.04147999734,-0.03999999911,0.03999999911
0.04149999842,-0.03999999911,0.03999999911
0.0415199995,-0.03999999911,0.03999999911
0.04153999686,-0.03999999911,0.03999999911
0.04155999795,-0.03999999911,0.079999998212
0.04157999903,-0.03999999911,0.03999999911
0.04160000011,-0.03999999911,0.03999999911
0.04161999747,-0.03999999911,0.03999999911
0.04163999856,-0.03999999911,0.03999999911
0.04165999964,-0.03999999911,0.03999999911
0.041679997,-0.03999999911,0.03999999911
0.04169999808,-0.03999999911,0.03999999911
0.04171999916,-0.03999999911,0.03999999911
0.04174000025,-0.03999999911,0.03999999911
0.04175999761,-0.03999999911,0.03999999911
0.04177999869,-0.03999999911,0.03999999911
0.04179999977,-0.03999999911,0.03999999911
0.04181999713,-0.03999999911,0.03999999911
0.04183999822,-0.03999999911,0.03999999911
0.0418599993,-0.03999999911,0.03999999911
0.04187999666,-0.03999999911,0.03999999911
0.04189999774,-0.079999998212,0.03999999911
0.04191999882,-0.03999999911,0.03999999911
0.04193999991,-0.03999999911,0.079999998212
0.04195999727,-0.03999999911,0.03999999911
0.04197999835,-0.03999999911,0.03999999911
0.04199999943,-0.03999999911,0.079999998212
0.04201999679,-0.03999999911,0.03999999911
0.04203999788,-0.03999999911,0.03999999911
0.04205999896,-0.03999999911,0.03999999911
0.04208000004,-0.03999999911,0.03999999911
0.0420999974,-0.03999999911,0.03999999911
0.04211999848,-0.079999998212,0.03999999911
0.04213999957,-0.03999999911,0.03999999911
0.04215999693,-0.03999999911,0.03999999911
0.04217999801,-0.03999999911,0.03999999911
0.04219999909,-0.03999999911,0.03999999911
0.04222000018,-0.03999999911,0.03999999911
0.04223999754,-0.03999999911,0.03999999911
0.04225999862,-0.03999999911,0.03999999911
0.0422799997,-0.03999999911,0.03999999911
0.04229999706,-0.03999999911,0.03999999911
0.04231999815,-0.03999999911,0.03999999911
0.04233999923,-0.03999999911,0.03999999911
0.04235999659,-0.03999999911,0.03999999911
0.04237999767,0,0
0.04239999875,-0.03999999911,0.03999999911
0.04241999984,-0.03999999911,0.03999999911
0.0424399972,-0.03999999911,0.03999999911
0.04245999828,-0.03999999911,0.03999999911
0.04247999936,-0.03999999911,0.03999999911
0.04249999672,-0.03999999911,0
0.04251999781,-0.03999999911,0.03999999911
0.04253999889,-0.03999999911,0.03999999911
0.04255999997,-0.03999999911,0.03999999911
0.04257999733,-0.03999999911,0.03999999911
0.04259999841,-0.03999999911,0.03999999911
0.0426199995,-0.03999999911,0
0.04263999686,-0.03999999911,0
0.04265999794,-0.03999999911,0.03999999911
0.04267999902,-0.03999999911,0
0.04270000011,-0.03999999911,0.03999999911
0.04271999747,-0.03999999911,0.03999999911
0.04273999855,-0.03999999911,0.03999999911
0.04275999963,-0.03999999911,0.03999999911
0.04277999699,-0.03999999911,0.03999999911
0.04279999807,-0.03999999911,0.03999999911
0.04281999916,-0.03999999911,0
0.04283999652,-0.03999999911,0.03999999911
0.0428599976,-0.03999999911,0.03999999911
0.04287999868,-0.03999999911,0.03999999911
0.04289999977,-0.03999999911,0
0.04291999713,-0.03999999911,0.03999999911
0.04293999821,-0.03999999911,0.03999999911
0.04295999929,-0.03999999911,0
0.04297999665,-0.03999999911,0.03999999911
0.04299999774,-0.03999999911,0
0.04301999882,-0.03999999911,0
0.0430399999,-0.03999999911,0
0.04305999726,-0.03999999911,0
0.04307999834,-0.03999999911,0
0.04309999943,-0.03999999911,0.03999999911
0.04311999679,-0.03999999911,0.03999999911
0.04313999787,-0.03999999911,0.03999999911
0.04315999895,-0.03999999911,0
0.04318000004,-0.03999999911,0
0.0431999974,-0.03999999911,0.03999999911
0.04321999848,-0.03999999911,0.03999999911
0.04323999956,-0.03999999911,0
0.04325999692,-0.079999998212,0
0.043279998,-0.03999999911,0.03999999911
0.04329999909,-0.03999999911,0
0.04332000017,-0.03999999911,0
0.04333999753,-0.03999999911,0
0.04335999861,-0.03999999911,0
0.0433799997,-0.03999999911,0
0.04339999706,-0.03999999911,0
0.04341999814,-0.03999999911,0
0.04343999922,-0.03999999911,0
0.04345999658,-0.03999999911,0.03999999911
0.04347999766,-0.03999999911,0
0.04349999875,-0.03999999911,0
0.04351999983,-0.03999999911,0
0.04353999719,-0.079999998212,0
0.04355999827,-0.03999999911,0
0.04357999936,-0.03999999911,0
0.04359999672,-0.03999999911,0
0.0436199978,-0.03999999911,0
0.04363999888,-0.03999999911,0
0.04365999997,-0.03999999911,0.03999999911
0.04367999732,-0.03999999911,0
0.04369999841,-0.03999999911,0
0.04371999949,-0.03999999911,0
0.04373999685,-0.03999999911,0
0.04375999793,-0.03999999911,0
0.04377999902,-0.03999999911,0
0.0438000001,-0.03999999911,0.03999999911
0.04381999746,-0.03999999911,0
0.04383999854,-0.03999999911,0
0.04385999963,-0.03999999911,0
0.04387999699,-0.03999999911,0
0.04389999807,-0.03999999911,0
0.04391999915,-0.03999999911,0
0.04393999651,-0.03999999911,0
0.04395999759,-0.03999999911,0
0.04397999868,-0.03999999911,0
0.04399999976,-0.03999999911,0
0.04401999712,-0.03999999911,0
0.0440399982,-0.03999999911,0
0.04405999929,-0.079999998212,0
0.04407999665,-0.03999999911,0
0.04409999773,-0.03999999911,0
0.04411999881,-0.03999999911,0
0.0441399999,-0.03999999911,0
0.04415999725,-0.079999998212,0
0.04417999834,-0.03999999911,0
0.04419999942,-0.03999999911,0
0.04421999678,-0.03999999911,-0.03999999911
0.04423999786,-0.03999999911,0
0.04425999895,-0.03999999911,0
0.04428000003,-0.079999998212,0
0.04429999739,-0.03999999911,-0.03999999911
0.04431999847,-0.03999999911,0
0.04433999956,-0.03999999911,0
0.04435999691,-0.03999999911,0
0.044379998,-0.03999999911,0
0.04439999908,-0.03999999911,0
0.04442000017,-0.03999999911,0
0.04443999752,-0.03999999911,0
0.04445999861,-0.03999999911,0
0.04447999969,-0.03999999911,0
0.04449999705,-0.03999999911,0
0.04451999813,-0.03999999911,0
0.04453999922,-0.079999998212,0
0.04455999658,-0.03999999911,0
0.04457999766,-0.03999999911,0
0.04459999874,-0.03999999911,0
0.04461999983,-0.03999999911,0
0.04463999718,-0.03999999911,0
0.04465999827,-0.03999999911,0
0.04467999935,-0.03999999911,0
0.04469999671,-0.03999999911,0
0.04471999779,-0.03999999911,0
0.04473999888,-0.079999998212,0
0.04475999996,-0.03999999911,0
0.04477999732,-0.03999999911,0
0.0447999984,-0.03999999911,0
0.04481999949,-0.079999998212,-0.03999999911
0.04483999684,-0.03999999911,0
0.04485999793,-0.03999999911,0
0.04487999901,-0.03999999911,0
0.0449000001,-0.03999999911,0
0.04491999745,-0.03999999911,-0.03999999911
0.04493999854,-0.03999999911,0
0.04495999962,-0.03999999911,0
0.04497999698,-0.03999999911,0
0.04499999806,-0.03999999911,0
0.04501999915,-0.03999999911,0.03999999911
0.0450399965,-0.03999999911,0
0.04505999759,-0.03999999911,0
0.04507999867,-0.03999999911,0
0.04509999976,-0.03999999911,0
0.04511999711,-0.03999999911,0
0.0451399982,-0.079999998212,0
0.04515999928,-0.03999999911,0
0.04517999664,-0.03999999911,0
0.04519999772,-0.03999999911,0
0.04521999881,-0.079999998212,0
0.04523999989,-0.03999999911,0
0.04525999725,-0.03999999911,0
0.04527999833,-0.03999999911,0
0.04529999942,-0.079999998212,0
0.04531999677,-0.079999998212,0
0.04533999786,-0.03999999911,0
0.04535999894,-0.03999999911,0
0.04538000003,-0.079999998212,0
0.04539999738,-0.03999999911,0
0.04541999847,-0.079999998212,0
0.04543999955,-0.03999999911,-0.03999999911
0.04545999691,-0.03999999911,-0.03999999911
0.04547999799,-0.03999999911,0
0.04549999908,-0.03999999911,0
0.04552000016,-0.03999999911,0
0.04553999752,-0.079999998212,0
0.0455599986,-0.03999999911,0
0.04557999969,-0.03999999911,0
